ID,Gamma,Gaussian,RTLLR,ROT1,ROT2,GMM
100600,6.22E-15,0,0.001513455,0.000230947,7.75E-07,0.131225011
100206,0,0,0,0,0,0.135038123
100729,0,0,0,0,0,0.120051094
100485,6.04E-08,0,0.000661017,0.025879692,0.012887912,0.00185108
101639,0,0,0.011263519,1.42E-05,6.30E-07,0.00485799
100954,0,0,0.64834384,0.010704359,8.70E-05,0.41052551
100686,0,0,0.161825498,0,0,0.537462388
101497,0,0,0.508656245,0,0,0.614378816
100964,0,0,0.060146509,0,0,0.29481687
100929,0,0,0.00974225,0,0,0.25848329
101602,3.42E-06,1.88E-07,0.089877003,0.051716444,0.038896731,0.251488292
101303,0.000652561,0.001899246,0.007246104,0.001367526,0.001048769,0.032731441
101347,0,0,0.360216392,0,0,0.369825788
100621,0,0,0.199907625,0,0,0.891650661
101242,0,0,0,0,0,0.165149451
101049,0,0,0.004062655,0,0,0.346858295
100809,7.27E-06,4.39E-13,0.151277541,0.759336498,0.326024964,0.310522641
101529,0.023133253,1.12E-12,0.260902836,0.009296961,0.005471586,0.242896797
100828,0,0,0,0,0,0.495103748
100700,0,0,7.34E-05,0,0,0.701740113
101202,0,0,0.000204414,0,0,0.228121466
100445,0,0,2.32E-05,0,0,0.032099041
101028,0,0,3.34E-10,0,0,0.245137758
100190,0,0,0.350189066,4.67E-06,5.44E-09,0.219553944
100514,0,0,0.549356691,1.12E-08,6.34E-14,0.680782909
100885,0,0,0.010501077,0,0,0.333665591
100081,0,0,0.06793172,0,0,0.842321551
100300,0,0,0.464322072,0,0,0.75392742
100962,0,0,0,0,0,0.171419236
101717,0,0,0.008701485,0,0,0.047376336
100261,0,0,0,0,0,1.35E-10
100836,0,0,0,0,0,0.179819419
101025,0,0,7.30E-06,0,0,0.072126827
100942,0,0,0,0,0,1.97E-08
101442,0,0,0,0,0,0.011422838
100561,5.94E-11,4.82E-14,0.018035637,0.04040886,0.009597902,0.223915777
101262,0,0,0,0,0,4.02E-05
101172,0,0,0.457573084,0,0,0.688290589
101727,0,0,0,0,0,0.102458624
101530,2.91E-14,0,0.344427076,1.64E-06,3.14E-09,0.531694773
101666,0,0,0.014297212,8.61E-11,2.22E-16,0.112089136
100194,0,0,3.69E-05,0,0,0.531966328
100248,0,0,0.096093383,0.032115314,0.000571545,0.209889738
100563,0,0,0.056791623,1.18E-05,4.51E-09,0.143616556
101422,0,0,0,0,0,0
100796,0,0,0,0,0,0
101196,0,0,2.98E-05,0,0,0.227132001
100521,0,0,0,0,0,0.001168273
100517,0,0,0.252117537,5.95E-06,1.39E-09,0.24512181
101106,0,0,1.92E-12,3.40E-13,0,0.001104766
100905,0,0,9.71E-11,0,0,0.360340125
101558,2.53E-07,0,0.335949524,9.51E-05,2.75E-06,0.390850304
100084,0,0,0.554787264,6.66E-05,2.07E-07,0.21919713
101761,0,0,0.420857558,0,0,0.430198818
100123,0,0,0,0,0,0
100258,0,0,0.134732212,0,0,0.933484627
100798,1.13E-08,0,0.034146926,3.07E-08,2.66E-12,0.241474454
100134,1.90E-07,1.58E-07,0.140576312,0.019723532,0.015572731,0.124520156
100979,0,0,0,0,0,0.003560565
100354,0,0,0.0947547,0,0,0.628837382
100464,0,0,0.021464355,0,0,0.254126419
100270,0,0,0,0,0,0.00391795
101483,0,0,0,0,0,0.052578196
101395,0,0,0,0,0,0.245276757
100993,0,0,0,0,0,0.156004122
101204,0,0,0.652689219,0,0,0.468287539
100738,0,0,0,0,0,0.023357834
100560,0,3.33E-16,0.104152053,0.006174283,0.00028701,0.220117118
100017,0,0,4.02E-10,0,0,0.088147733
100505,1.55E-15,0,0.337609565,0.006185633,0.000185274,0.27769518
101479,0,0,0.212604806,4.79E-06,1.04E-08,0.311262507
100363,0,0,0.05493414,0.048486769,0.003799719,0.083144171
100545,0,0,0.072216711,0,0,0.314330117
100834,0,0,0.002347892,0,0,0.000322913
100701,0,0,0.844674337,0,0,0.671551928
101370,0,0,0.353803629,0,0,0.101107087
100355,0,0,0.258977847,2.74E-12,5.55E-16,0.442595421
101480,0,0,0,0,0,0.003239257
100013,0,0,0.000803409,0,0,0.051173546
100482,0,0,0.368760939,0,0,0.619672418
100161,0,0,0.266512076,0,0,0.107885961
101300,0,0,0,0,0,9.29E-12
101468,0,0,0.088489788,0,0,0.437664572
101171,0,0,1.83E-12,0,0,0.698724373
101474,0,0,0.207303803,0,0,0.709514722
100326,0,0,0,0,0,0.305617497
100695,0,0,0.034647397,0,0,0.205083711
100337,0,0,0,0,0,0.114665246
100618,0,0,0.001703301,0,0,0.071502007
100180,0,0,0.038841491,0,0,0.158664327
101536,0,0,0,0,0,0.137842778
100629,0,0,0,0,0,0.028070191
101236,0,0,8.88E-16,0,0,0
100316,2.08E-13,0,0.306045774,0.008492628,0.000157239,0.097791582
101252,8.88E-16,0,0.18750409,0,0,0.421292815
100232,0,0,0,0,0,0.259707761
100633,0,0,0.158006415,0,0,0.191783077
101617,0,0,1.83E-13,0,0,0.329078
100049,0,0,0.049221894,1.45E-14,0,0.733269461
101166,0,0,0.021897738,0,0,0.742294474
100119,0,0,0,0,0,0.490040937
101261,0,0,2.61E-10,0,0,0.039879006
100478,0,0,0.252471428,0,0,0.18125142
100466,0,0,0.388201982,0,0,0.350690518
100461,9.53E-10,0,0.440019161,2.71E-06,7.68E-10,0.540888961
100471,0,0,0.00075008,0,0,0.026124558
101219,0,0,0.502799542,0.000165883,2.67E-07,0.223808484
100516,0,0,0,0,0,0.017562066
100689,0,0,0,0,0,0
100129,0,0,0.155273276,9.07E-06,5.64E-09,0.739628546
101520,0,0,0,0,0,0.00369243
101432,0,0,0.246397577,0.000746414,3.23E-06,0.404828319
101603,0,0,0,0,0,0.013290824
101325,0,0,0.279309676,0,0,0.194154675
101037,0,0,0,0,0,0.009428329
101245,0,0,2.20E-06,0,0,0.181607916
100819,0,1.52E-10,0.013096684,0.001701599,0.000958636,0.010171677
100910,0,0,1.16E-06,0,0,0.436527022
100660,1.26E-05,0,0.357544041,0.035225429,0.008400103,0.323646398
100382,0,0,0.745363789,0.002261981,3.88E-05,0.461773685
101270,0,0,0,0,0,0.006273857
100994,0,0,0.001820283,0,0,0.968174707
100279,0,0,0.170634542,1.88E-09,4.44E-16,0.798765349
100145,0,0,0,0,0,6.05E-08
100304,0,0,0.47890721,2.24E-07,3.95E-11,0.194906977
100946,0,0,0,0,0,0.365146685
101737,0,0,0,0,0,0
101521,0,0,0.114339213,0,0,0.203527749
101243,3.34E-10,0,0.036891349,1.08E-08,3.79E-12,0.240511007
100724,0,0,1.07E-12,0,0,0.028387112
101715,0,0,0,0,0,0
100372,0,0,0,0,0,1.17E-11
100595,1.22E-10,0,0.090250356,0,0,0.083559271
100590,0,0,0.539576123,0,0,0.217670007
101205,0,0,0.197541105,1.30E-11,0,0.399099681
101113,0,0,0.01857198,0,0,0.375011487
101033,0,0,0.031139701,0,0,0.481709106
100630,0,0,1.65E-09,0,0,0.333611158
101504,0,0,0.136623549,0,0,0.359238188
100871,0,0,0.321111875,0,0,0.874598892
100413,1.49E-14,0,0.258111899,5.11E-15,0,0.026933432
101619,0,0,0.185873125,0,0,0.122158852
100113,0,0,0.001056643,0,0,0.150384295
101230,0,0,0,0,0,0
100360,0,0,0.093401068,0.010671965,0.010953137,0.264095524
101096,1.68E-13,0,0.13589585,2.22E-16,0,0.157454975
100324,0,1.89E-09,0.416692637,0.014152526,0.001887097,0.771482605
101178,8.80E-09,0,0.035548918,6.83E-05,8.35E-06,0.017637246
101100,0,0,0.179140512,0,0,0.158213391
100475,0,0,8.91E-10,0,0,0.727441947
100771,0,0,0,0,0,0.646674066
100838,0,0,0.409452679,0,0,0.123594586
100431,0,0,0.124726073,4.22E-15,0,0.040145322
100454,0,0,0.452971184,0.000128389,1.22E-07,0.319980334
101621,0,0,0.404906296,0,0,0.264451344
100390,0,0,0.092001791,0,0,0.462535061
100027,5.59E-08,0,0.362167506,0.000196621,2.72E-06,0.315850642
100506,0,6.89E-07,0.355330959,0.054190925,0.014470829,0.806892706
100825,0,0,1.30E-05,0,0,0.01195472
100468,0,0,0,0,0,8.36E-05
101121,0,0,0,0,0,0
100150,0,0,0.000970887,0,0,0.813362474
101265,0,0,0,0,0,2.18E-12
101253,0,0,0,0,0,0.044561557
101705,0,0,0,0,0,0.209396139
101516,0,0,0.365341624,1.39E-05,1.32E-08,0.257756348
100972,0,0,0.010326047,0,0,0.34234228
101179,0,0,0.655308455,0,0,0.527593888
101380,0,0,0,0,0,0.001804942
100558,0,0,0,0,0,0.140835081
100959,0,0,0,0,0,0.023485484
100524,0,0,1.09E-14,0,0,0.145269221
101393,2.43E-13,0,0.50446854,0.000617011,5.79E-06,0.225716194
100174,0,0,1.05E-07,0,0,0.030254806
101557,0,0,0,0,0,0.000460827
100403,0,0,0.44944716,0,0,0.783252242
100546,0,0,0,0,0,6.64E-08
101069,0,0,1.27E-10,0,0,0.199352827
101129,0,0,0,1.57E-11,1.33E-15,1.82E-06
101523,0,0,0,0,0,0.358846821
100077,0,0,0.008234598,0,0,0.092361292
101400,0,0,0.781173562,3.57E-14,0,0.735217568
100106,1.07E-08,0,0.000266908,4.77E-06,2.63E-09,0.009515432
100181,0,0,5.28E-14,0,0,0.057056461
100060,0,0,0,0,0,0.009338243
100433,0,0,0.215553528,0.005834556,0.000428654,0.060146649
100438,0,0,0.176237636,0,0,0.70260682
100336,0,0,0.007236096,0,0,0.05970529
100873,0.000451905,0,0.292391688,0.014198192,0.000369785,0.425595761
101463,0,0,1.10E-14,0,0,0.015256063
101496,0,0,0.026508751,1.57E-13,2.22E-16,0.057070097
100211,0,0,0.614970755,0,0,0.101203731
101180,1.56E-08,0,0.539914733,0.038998273,0.008385453,0.580499787
101510,0,0,0,0,0,0
100718,0,0,6.95E-05,0,0,0.003872804
101759,0,0,0.008181876,0,0,0.164444908
101292,0,0,0.087926858,0,0,0.089150564
100851,1.00E-09,0,0.542182084,3.60E-05,7.54E-08,0.240209942
100754,0,0,0.316675533,0,0,0.22538189
100343,0,0,0.065050804,0,0,0.909601739
101563,0,0,0,0,0,8.36E-05
100070,0,0,0.141128894,0,0,0.304542465
100925,0,0,5.34E-14,0,0,0.001137316
100488,0,0,7.29E-11,0,0,0.617407499
101063,0,0,0,0,0,0.009932896
101194,0,0,0.981342041,0,0,0.886472626
100534,0,0,0,0,0,0.818099016
100317,0,0,0.001637571,0,0,0.023249452
100012,0,0,0.750078906,0.000527392,7.36E-05,0.430699266
101384,0,0,0.055638818,3.25E-08,1.82E-12,0.430363031
101332,0,0,0,0,0,0.007300884
100817,0,0,0,0,0,0.177991746
100783,0,0,0,0,0,0.062916525
100213,0,0,0,0,0,0.127500774
100755,0,0,3.75E-05,0,0,0.628738966
101287,0.044778431,1.26E-12,0.016490341,0.015322982,0.01961015,0.10530802
100386,0,0,0,0,0,1.33E-15
100417,0,0,0.003166567,0,0,0.294846614
100776,3.32E-06,0,0.417942913,0.052171251,0.00592273,0.275030939
100950,0,0,0,0,0,0.037791446
100185,0,0,0,0,0,0.000117121
100421,0,0,0.231666388,0,0,0.524304909
100532,9.99E-16,0,0.698213318,1.49E-05,5.12E-07,0.659601784
100283,0,0,0.621989568,0,0,0.159156039
100374,0,0,0.092323057,0,0,0.366683583
100753,0,0,0.000594269,0,0,0.205357164
100216,0,2.00E-15,0.00090214,1.60E-06,5.98E-09,0.509430828
101142,0,0,0,0,0,0.296479876
100523,0,0,4.44E-15,0,0,0.33212052
100845,0,0,0,0,0,0.2423608
101553,0,0,1.85E-11,0,0,2.04E-05
101635,0,0,0,0,0,0.004354019
101732,0,0,0.004838971,0,0,0.306428958
100822,0,0,0,0,0,0.015937818
100152,0,0,0,0,0,0
101373,0,0,1.04E-08,0,0,0.101710803
100865,0,0,0,0,0,0
100758,0,0,0,0,0,0
100678,0,0,0,0,0,0.664114289
101751,0,0,0.330359072,0,0,0.45519332
100654,0,0,0,0,0,0.011860426
101278,0,0,0.077199279,0,0,0.121647773
100289,0,0,0.003147909,8.08E-12,5.55E-16,0.631134559
101264,0,0,0.000554005,0,0,0.256891831
100277,0,0,0,0,0,0.000197684
100459,0,0,9.09E-05,0,0,0.05119415
101275,0,0,0.306823142,0,0,0.187205384
100584,0,0,6.88E-15,0,0,0.686995296
101473,0,0,0,0,0,0
100594,0,0,9.28E-08,0,0,0.001189988
100073,0,0,0.000658426,0,0,0.398393246
101138,0,0,0,0,0,0.123201968
101738,0,0,0,0,0,0.149618635
100230,0,0,0.434718054,0,0,0.104451671
100383,0,0,0.003593458,0,0,0.587987147
100818,0,0,0.000282717,0,0,0.746146337
100990,0,0,0,0,0,0
100365,0,0,0.816136517,1.04E-10,1.11E-16,0.750473096
100947,0,0,0.486400124,0,0,0.922213283
101780,0,0,0,0,0,0.174655012
100172,0,0,0,0,0,0
100574,1.55E-07,0,0.481551634,0.141081159,0.032196985,0.128481195
100327,0,0,0.091645742,0,0,0.123475953
101308,2.77E-12,0,0.398113228,0.000505827,1.37E-05,0.352799546
101702,0,0,0.160349277,0,0,0.007044207
101565,0,0,0.254813791,0,0,0.048540416
100346,0,0,0,0,0,0.034122681
100904,0,0,0,0,0,0.005081794
101083,0,0,0.104288493,0,0,0.547551831
101226,0,0,0,0,0,0
101706,0,0,0,0,0,0
100035,0,0,0,0,0,0
101206,0,0,0.303881904,0.032466192,0.010855076,0.114539024
100522,0,0,0,0,0,0.87845629
100706,0,0,6.02E-13,0,0,0.026956173
100652,0,0,0.066265445,0,0,0.749293605
101102,0,0,0.046928831,0,0,0.615519597
101164,0,0,0,0,0,0.647722162
101535,0,0,0,0,0,1.25E-08
100217,1.54E-14,0,0.448023182,1.65E-08,9.40E-14,0.593474903
101073,1.17E-12,2.00E-15,0.630843985,0.221572657,0.042188338,0.970831721
101776,0,0,0.076213621,0,0,0.593859926
101634,0,0,0,0,0,0
101210,0,0,0.070268597,0,0,0.857239181
100175,0,0,0,0,0,0
100448,0,0,0,0,0,0
101682,0,0,0.206681507,0.000322377,1.39E-06,0.535393911
100419,0,0,0,0,0,0.359487578
101571,0,0,0,0,0,0.832319476
100882,0,0,4.92E-14,0,0,0.072152169
100762,0,0,0,0,0,0
100334,0,0,0,0,0,1.10E-06
100583,0,0,0.564145204,0,0,0.602270711
101681,0,0,0.000345361,0,0,0.082579044
101689,7.77E-16,0,0,3.66E-06,3.97E-06,0.002143528
101258,0,0,0.480055017,0,0,0.025099312
100212,0,0,0.01830124,0,0,0.053252536
100218,0,0,0,0,0,1.77E-07
101595,0,0,0.052570181,4.16E-06,1.58E-07,0.022763312
100636,0,0,0.318989928,0.000458258,1.20E-05,0.416529144
100418,0,0,0.322441938,0,0,0.659557423
101478,0,0,0.016729244,0,0,0.061728485
100253,0,0,1.04E-05,0,0,2.36E-05
100455,0,0,2.02E-07,0,0,0.56205095
100784,0,0,0,0,0,0.012740156
101610,1.11E-16,1.62E-05,0.620913018,0.038201481,0.036358228,0.25373219
100291,0,0,0,0,0,0
100117,0,0,0,0,0,0.35168943
100622,0,0,0.711854276,0,0,0.686350086
101029,0,0,0.743151423,0,0,0.651219443
101024,0,0,0,0,0,0.068114908
101440,0,0,1.88E-12,0,0,0.446523101
100199,0,0,0.804403187,0,0,0.307536119
101713,0,0,0,0,0,0
100709,0,0,0.071530317,1.16E-05,1.64E-08,0.625429527
100902,0,0,0.01207802,0,0,0.80535994
100251,0,0,0.092698687,0.004602057,0.000163764,0.289420414
100973,4.99E-07,0,0.591014074,0.066117375,0.015112534,0.419508818
101436,2.44E-15,0,0.260325917,6.10E-14,1.44E-15,0.056294098
100625,0,0,0.783950386,0.000730278,5.68E-06,0.505636473
101774,0,0,0,0,0,0.461801795
100992,7.70E-08,3.41E-14,0.269973605,0.007423532,0.000803538,0.127114265
100026,0,0,0.197580149,0,0,0.849355721
100780,9.99E-16,0,0.086875235,2.86E-10,9.99E-16,0.605653248
100267,2.60E-13,0,0.401711618,0.004362427,0.000623507,0.137772279
100978,3.10E-05,2.22E-15,0.606849969,0.008068469,0.001161462,0.081260308
100987,0,0,5.55E-16,0,0,0.235804935
101498,0,0,0.738551692,0,0,0.445265295
101656,0.003174901,8.43E-12,0.742669649,0.003617827,0.001747654,0.167230085
100939,0,0,0.933524788,0,0,0.239116268
100842,0,0,0.360692438,0,0,0.646846799
100550,0,0,0,0,0,0.38051999
100057,0,0,0,0,0,0
100104,0,0,0,0,0,0.000493389
101769,0,0,0.072394869,1.40E-05,3.63E-10,0.027730206
100674,0,0,4.07E-10,0,0,0.715593487
101783,1.25E-05,0,0.892075306,0.004388868,0.00049653,0.673280972
101459,0,0,2.91E-12,0,0,0.711528838
100684,0,0,0,0,0,0.001555418
100394,3.38E-11,0,0.006442496,0,0,0.471438344
101447,0,0,2.00E-14,0,0,0.010527544
101703,0,0,2.14E-07,0,0,0.323890349
101050,0,0,0.390918718,2.16E-09,1.08E-13,0.547544979
100272,3.36E-09,0,0.002771583,0.000628587,9.65E-05,0.521027995
101537,0,0,0,0,0,0.027390977
101360,0,0,0,0,0,0.004844973
100353,0,0,0.012588027,0,0,0.443964902
101416,0,0,0.06437217,3.89E-15,2.22E-16,0.844230707
101594,0,0,7.33E-15,0,0,0.027374546
100064,0,0,2.47E-08,0,0,0.196140545
101375,0,0,0.749301402,0,0,0.989075339
100890,0,0,0.106392833,0,0,0.959691289
100850,0,0,0,0,0,0.149948854
101055,0,0,0.047282709,4.90E-05,1.38E-07,0.020668868
100968,0,0,0.048659069,0,0,0.287298518
100685,0,0,0.91112502,0.002087526,1.65E-05,0.634535873
101572,0,0,0.090721384,0,0,0.780181388
100147,0,0,1.18E-06,0,0,0.045756613
100137,0,0,0.338381774,0,0,0.187126558
101753,0,0,0.955115991,2.75E-12,0,0.573840819
101527,0,0,0.311243473,5.84E-11,0,0.920825312
101403,0,0,0.190906077,1.11E-16,0,0.227680379
100238,4.21E-14,0,0.074498954,0,0,0.73567311
100800,0,0,0.647067426,0,0,0.203855258
100650,0,0,0.003701368,0,0,0.238371213
101519,0,0,8.34E-13,0,0,0.65672764
101583,1.96E-08,0,0.565014009,1.20E-06,5.65E-11,0.968972988
101266,0.00107017,0,0.446200403,0.000245928,7.61E-07,0.163285417
100014,0,0,0,0,0,0.017097792
101342,0.005611069,0,0.411332773,2.52E-05,2.00E-08,0.125848974
100991,0,0,0.147095046,0,0,0.520028893
101642,0,0,5.97E-05,0,0,0.308819707
100858,4.75E-07,1.83E-10,0.586195443,0.006413662,0.00026498,0.655771211
100764,0,0,0.079877347,8.43E-08,3.71E-12,0.083580322
100951,8.31E-07,0,5.55E-16,3.33E-16,0,0.114714028
100779,0,0,3.33E-16,0,0,0.077978904
101767,0,0,0.009936766,0,0,0.137750433
101371,0.014598585,0,0.009405124,0.059267159,0.007173986,0.756758856
100252,0,0,0,0,0,0
101763,0,0,0,0,0,0
100028,0,0,0.296422356,6.27E-08,6.20E-11,0.655937957
101008,0,0,0.396006425,7.45E-06,5.43E-09,0.361520093
100350,0,0,0.26614741,6.39E-06,6.16E-10,0.823807472
100097,1.04E-09,0,0.88810706,0.115265888,0.049862981,0.962630745
101272,0,0,0,0,0,0
100593,0,0,0,0,0,2.03E-07
100179,0,0,0,0,0,2.76E-08
101620,0,0,0.47759814,0,0,0.266634148
101566,0,0,5.85E-08,0,0,0.198268028
101667,0,0,0.314099376,0,0,0.768394326
100242,1.22E-15,0,2.82E-07,0,0,0.05032217
101041,6.54E-10,1.27E-07,0.179843111,0.003383705,0.002617794,0.050979319
100377,0,0,0.377664883,0,0,0.235772807
101630,0,0,0,0,0,0.484914693
100151,0,0,0.002391682,0,0,0.198220965
101512,0,0,5.66E-15,0,0,0.355834293
101465,0,0,0.001732262,1.01E-08,3.60E-11,0.278451705
101082,0,0,0.309553575,0,0,0.274290533
101313,0,0,0,0,0,0.112032849
101712,0,0,0.161033841,0.207361061,0.065874195,0.086141878
100616,0,0,0,0,0,0.001838384
100437,0,0,0.034835858,0,0,0.612893836
100313,0,0,0.14071099,0,0,0.178186641
100371,0,0,0.000911706,0,0,0.363106142
101187,0,0,0.592699393,0,0,0.643601022
101593,0,0,0,0,0,0.124887902
100665,0,0,0.011969072,0,0,0.002779399
101152,0,0,0.846883427,0.002591431,2.39E-05,0.754764756
100425,0,0,0.002691768,1.11E-16,0,0.730620639
101493,0,0,0,0,0,0.384328289
100010,0,0,0.020786031,0,0,0.334036733
100756,0,0,5.21E-08,0,0,0.602834671
100303,0,0,3.33E-16,0,0,0.087224829
101585,0,0,0.011343186,0,0,0.266891387
100087,0,0,0.43228394,0,0,0.005915225
100380,0,0,0,0,0,0.635909637
101320,0,0,0,0,0,2.75E-14
100908,0,0,0.000303191,0,0,0.49921829
101283,0,0,0,0,0,0
101108,0,0,0,0,0,0
100586,0,0,0.123459572,1.40E-05,1.35E-07,0.126654914
100444,0,0,0.00104747,0,0,0.861355611
100375,0.359659865,2.77E-08,0.544556086,0.005127719,0.003637423,0.310222995
100854,0,0,0.098643536,0,0,0.829751968
101611,0.003706961,4.24E-12,0.295236966,0.017295269,0.002076776,0.208007418
100635,0,0,0,0,0,0.030054591
100597,0,0,0.002042314,0,0,0.038014434
100198,0,0,2.25E-06,0,0,0.718321406
101391,0,0,0,0,0,0.207531543
100658,0,0,4.77E-09,0,0,0.036376549
101383,0,0,0.138331408,3.59E-05,2.27E-06,0.532032583
100507,0,0,0,0,0,6.43E-05
101678,0,0,1.31E-06,0,0,0.497756394
101156,0,0,0.29948747,6.67E-06,1.71E-08,0.895435424
101638,0,0,0,0,0,0.002914641
100340,0,0,0.014777655,0,0,0.650186737
101647,0,0,0.596313916,0,0,0.522562359
100310,4.29E-09,0,0.148230495,0.002844737,9.26E-05,0.227289442
100504,0,0,0,0,0,0
100391,0,0,0.377053753,0.000120939,1.34E-07,0.109168606
101408,0,0,0.135146303,0,0,0.200098651
100498,0,0,0.305349758,0,0,0.422093642
100731,2.83E-08,0,0.005169485,4.67E-05,8.21E-08,0.067459242
100033,0,0,0,0,0,0.00172379
101207,0,0,1.81E-05,0,0,0.804965129
101443,0,0,0.073102278,0,0,0.503554266
101532,0,0,0,0,0,0
101597,0,0,0,0,0,0.444943251
101533,0,0,0,0,0,0
101556,0,0,0.371423281,0.000627096,2.02E-06,0.240055206
100840,2.66E-15,0,0.23722089,2.08E-05,1.64E-08,0.505018645
100549,0,0,0.072831255,0.000559233,0.000162258,0.031029101
101645,0,0,0.003243873,0,0,0.25259907
100320,3.15E-13,0,0.794174242,0.025936854,0.001484178,0.598160652
101301,3.12E-14,0,0.125062424,1.11E-16,0,0.943834313
100839,0,0,1.25E-13,0,0,0.044697134
101470,0,0,0.141688518,4.96E-06,6.76E-10,0.658109068
100503,0,0,0.025316779,2.03E-05,5.94E-09,0.085170418
101294,2.27E-07,0,0.577912655,0.025452513,0.001514649,0.532952125
101389,5.88E-15,0,0.487866905,2.06E-08,1.44E-12,0.491335181
100912,0,0,0.556809082,1.29E-05,1.07E-08,0.779450906
100287,0,0,0.037052783,0,0,0.442961565
101522,0,0,8.63E-10,0,0,0.801426514
101396,0,0,0.254318059,0.006918428,0.000248856,0.193101804
101151,1.48E-05,1.70E-10,0.771063666,0.038622042,0.004906046,0.295295793
100023,0,0,0,0,0,0.065199126
101135,0,0,0,0,0,0
101711,0,0,0,0,0,0
101526,0,0,4.43E-06,0,0,0.062419746
101754,0,0,0.118125451,0,0,0.971957322
100998,0,0,0,0,0,0.063179517
100247,0,0,0.043473728,0,0,0.281501986
100726,0,0,0.113557593,5.95E-06,2.83E-10,0.147443913
100556,0,0,0,0,0,0.00178178
100623,0,0,3.33E-06,0,0,0.118963138
100793,0,0,0.000156841,0,0,0.047451468
101714,0,0,3.21E-12,0,0,0.099959778
100093,0,0,0.037732747,2.95E-10,2.22E-16,0.645251063
100378,0,0,0.185169415,0,0,0.800919061
101224,0,0,4.44E-16,0,0,0.010376246
100299,0,0,0.209518041,0,0,0.636433975
100909,0,0,8.14E-07,1.11E-15,0,0.091445262
101044,0,0,5.06E-07,0,0,0.027245472
100511,0,0,0.042290437,0,0,0.664232629
100795,0,0,0.93718342,0,0,0.366763587
101251,0,0,0.057170966,1.89E-15,0,0.036098496
100562,0,0,0.013949801,0,0,0.030232552
100351,0,0,0,0,0,1.81E-08
101249,0,0,0.01971425,0,0,0.722718059
100806,0,0,0.067684932,0,0,0.631339109
101710,0,0,0,0,0,0
100348,0,0,0.002354007,0,0,0.633109402
101644,0,0,0.475423889,0,0,0.381130711
101382,0,0,0,0,0,0.000308407
101668,0,0,0.002578636,0,0,0.017506393
100874,5.06E-07,0,0.126642358,0.437344492,0.099980548,0.352767732
101421,0,0,0.26020382,1.11E-16,0,0.658230714
101414,0,0,0,0,0,0.109681322
101114,0,0,0.532979397,0,0,0.842427417
101369,0,0,0,0,0,1.11E-16
101475,3.27E-10,0,0.364164014,0.003335462,0.000574997,0.130061596
101502,3.92E-05,2.66E-15,0.43434126,0.35668886,0.159495379,0.470309435
100163,0,0,0,0,0,0.020776169
100799,2.52E-09,0,0.200001585,0.222126159,0.074054454,0.520344091
100092,0,0,0.19289844,0,0,0.783070359
100656,0,0,0.721469493,0.00026191,7.83E-07,0.564474796
101608,0,0,0.091608882,7.03E-11,4.44E-16,0.23613955
100984,0,0,0,0,0,0.258851348
100396,0,0,0,0,0,0.045213999
100853,0,0,0.463544475,0,0,0.669965691
100384,0,0,0.001400214,1.83E-05,1.28E-08,0.442439566
101256,0,0,0.340780815,0,0,0.516640141
100224,0,0,0.223721699,1.75E-06,6.09E-10,0.403070882
100191,0,0,0.01044587,0,0,0.061060994
100631,1.40E-09,0,0.034736025,0.004545254,0.000348293,0.345972046
100018,0,0,0,0,0,2.16E-13
101047,0,0,0.278795207,0,0,0.046995419
100714,0,0,9.97E-14,0,0,0.727101667
100015,0,0,0.18611274,0,0,0.046782565
100740,0,0,0.100489858,0,0,0.847227267
101358,0,0,0.48026609,1.60E-06,9.08E-11,0.398183914
101562,0,0,0.060438208,0,0,0.647107745
100515,0,0,0,0,0,0.798793775
101099,0,0,0,0,0,0.010237481
100402,0,0,0.583963691,0,0,0.627256132
100083,0,0,0.67672812,1.58E-13,0,0.682307064
100581,0,0,0,0,0,0.215857105
100409,0,3.91E-13,0.360051118,0.022786974,0.003689871,0.424728435
101435,0,0,1.56E-11,0,0,0.077332724
100884,0,0,0,0,0,0.061853997
101505,0,0,0.021146411,0,0,0.506178682
100911,0,0,7.16E-05,0,0,0.412189731
100393,0,0,9.37E-07,0,0,0.713416467
101145,0,4.47E-09,0.031216737,3.38E-05,6.39E-07,0.231963228
101319,0,0,1.93E-07,1.85E-06,4.04E-10,0.114579982
100551,0,0,0,0,0,0.021994664
100787,0,0,0,0,0,0.639814758
100501,0,0,0.001261858,0,0,0.094475549
101549,0,0,0.004504719,0,0,0.482496974
100721,0,0,0.097340981,0,0,0.676001364
101433,0,0,0.082438279,0,0,0.211491249
100930,0,0,0.859960612,9.66E-15,0,0.929253834
100491,0,0,0.444274347,0,0,0.708649792
100086,1.22E-15,3.53E-08,0.336171911,0.001151783,5.15E-05,0.643149955
101199,0,0,0.431936475,7.77E-16,0,0.51333557
101733,0,0,0,0,0,2.03E-10
100240,0,0,2.54E-06,0,0,0.320498442
100149,7.70E-09,1.11E-16,0.669164115,0.068453061,0.044102088,0.231769938
100537,0,0,0.018022764,0,0,0.174692977
101481,0,0,1.86E-07,0,0,0.619602632
100156,0,0,4.74E-08,0,0,0.31462618
101088,0.0019209,0,0.753452221,0.000430887,3.51E-05,0.228744944
100894,0,0,0.299589666,0,0,0.291380547
101192,0,0,0.649136414,1.43E-05,5.47E-09,0.346804314
101162,0,0,0.316626986,0,0,0.179222121
101449,0,0,0.006879865,0,0,0.080885093
101428,0,0,0.400092252,0,0,0.852747795
100008,6.88E-10,0,0.422893981,0.000596897,7.25E-05,0.296255488
101633,0,0,0.173162016,1.25E-05,1.73E-09,0.701691468
100099,0,0,0,0,0,0
101377,0,0,0.777475837,1.54E-07,4.44E-11,0.610043321
100059,3.33E-16,0,4.47E-09,0,0,0.281861197
101118,0,0,0,0,0,1.09E-05
100785,0,0,0,0,0,0.065783189
100956,0,0,0.061132014,2.11E-15,0,0.212219626
101674,0,0,0.175840513,1.11E-16,0,0.181187235
100039,0,0,0.00389063,0,0,0.065836831
100132,0,0,0,0,0,0.006340309
100298,0,0,0.437260137,2.29E-12,0,0.022251398
101040,0,0,0,0,0,7.42E-05
100554,0,0,0.057897921,0,0,0.825615234
100407,0,0,0.3057307,0,0,0.180011281
101087,0,0,0.203926955,0,0,0.460276371
101140,0,0,2.68E-06,0,0,0.354038523
101622,0,0,0,0,0,0.531014716
100614,0,0,0.661347979,0,0,0.550533292
100899,0,0,1.11E-16,0,0,0.14506536
100518,0,0,0.138592789,2.27E-05,1.26E-06,0.341547395
100227,4.44E-16,0,0.505402082,0.022735122,0.000826208,0.610266415
101362,0,0,0.074874944,0,0,0.019787126
100479,0,0,0.425568792,0,0,0.130785989
101424,0,0,0.304085699,0.005585009,0.000171673,0.462095692
100153,0,0,0.482002444,2.82E-06,2.60E-10,0.794837967
100657,0,0,0,0,0,5.35E-06
101046,0,0,0.033153483,0,0,0.640070566
101402,0,0,0.001238415,0,0,0.871487046
101271,0,0,0,0,0,0.024426714
101573,0,0,0,0,0,1.20E-06
101525,0,0,0,0,0,0.145741414
101361,0,0,0,0,0,0
100705,0,0,0.419008059,0,0,0.110932155
101200,0,0,0,0,0,0
101141,0,0,1.70E-07,0,0,0.230004467
101119,0,0,0,0,0,0.314043524
100487,0,0,0.014879448,3.89E-14,0,0.584021209
100233,0,0,0,0,0,0
100364,0,0,0,0,0,0.31521253
100555,0,0,0,0,0,0
101554,0,0,2.80E-09,0,0,0.195016429
101079,0,0,0.090917303,8.30E-13,0,0.247886759
100323,0,0,0.780359732,0,0,0.992771096
101640,0,0,0.096086679,0,0,0.963738544
101655,0,0,0,0,0,0.004165328
100200,0,0,0,0,0,0.125878097
100847,0,0,0.121723729,0,0,0.621312102
100235,0,0,0.287877487,0,0,0.153762024
100693,0,0,0.056781795,0,0,0.264552894
101683,0,0,0.141045131,0,0,0.155276922
100751,0,0,0.152602147,0,0,0.072098085
101760,0,0,0,0,0,0.261726248
100305,0,0,0,0,0,2.69E-13
101771,0,0,0,0,0,0.001419015
100138,0,0,0.001722966,0,0,0.927261459
100257,0,0,0.149079711,1.75E-06,8.65E-10,0.630712307
100208,0,0,0,0,0,0
101413,0,0,0,0,0,0.573695696
101304,0,0,0,0,0,0
100450,0,0,0.000332525,0,0,0.025425134
100066,0,0,0.01725075,0,0,0.063087469
100533,1.81E-09,0,0.112282321,3.45E-05,1.57E-08,0.483212557
100389,1.13E-08,1.95E-05,8.72E-05,1.91E-06,1.80E-06,1.28E-05
100050,0,0,0,0,0,0.847253559
101454,0,0,0.017212881,0,0,0.900684139
101160,0,0,0,0,0,0.15466798
101670,0,0,2.28E-07,0,0,0.073923538
101685,0,0,0,0,0,0.274598552
101337,0,0,0,0,0,0.698285209
100728,0,0,0.299277029,0,0,0.465594977
100538,0,0,0.008853608,0,0,0.204680954
101346,0,0,0.459269836,0.0020273,3.13E-06,0.307451798
101458,0,0,9.51E-10,0,0,0.746886875
101787,0,0,0.004117839,0,0,0.211227809
101628,0,0,0.741955958,0.000217984,9.83E-07,0.321274908
101017,0,0,0.253422721,1.17E-14,0,0.060351533
100307,0,0,0,0,0,0.000471757
101366,0,0,0.128859464,0.005671933,0.000409996,0.090458827
100810,0,0,0.002258362,0,0,0.268011292
100082,0,0,5.99E-11,0,0,0.098953574
101392,0,0,0.77152328,2.93E-11,0,0.935864383
100127,0,0,1.23E-06,0,0,0.393727724
101149,0,0,0.002950718,0,0,0.220700695
100966,0,0,0.182841352,4.63E-05,9.62E-08,0.051407466
101298,0,0,0.642888554,0,0,0.903656135
100617,0,0,0,0,0,1.35E-12
100732,0,0,0.29762342,3.33E-16,0,0.797079607
101363,0,0,1.32E-07,0,0,0.228381818
100683,0,0,0,0,0,0.106023804
101456,0,0,0,0,0,0.202751175
100435,0,0,0,0,0,0.261661153
100774,6.18E-10,0,0,0,0,0.201045115
100432,0,0,0,0,0,0.055540076
100961,0,0,4.62E-11,0,0,0.206240321
101736,1.61E-12,0,1.18E-13,1.09E-11,2.22E-16,0.071600697
100107,0,0,0.034391936,6.77E-10,3.33E-16,0.144191271
101735,0,0,0,0,0,0
100917,0,0,0.431757042,0,0,0.722153046
100995,0,0,0,0,0,0.245657403
101487,0,0,0.101885636,0,0,0.055874957
100673,0,0,0.276326552,0,0,0.541663686
100937,0,0,4.80E-10,0,0,0.189120757
101335,0,0,0.658516397,0,0,0.905878054
100294,0,0,0,0,0,0
100055,0,0,0.006322045,0,0,0.476870525
100895,0,0,0,0,0,0.003361325
100569,0,0,0.650532227,0,0,0.057649593
100591,0,0,0.007776493,0,0,0.39072781
100110,0,0,0,0,0,0.103672151
101005,0,0,0.168787285,0,0,0.628730585
101061,0,0,0.155675951,0,0,0.892189215
100056,0,0,0,0,0,0
100671,0,0,0,0,0,0.000437357
101078,0,0,0.298787602,9.02E-08,4.37E-11,0.080530952
101218,0,0,0.000381107,0,0,0.628597341
101334,0,0,0,0,0,9.71E-08
100210,0,0,6.84E-07,0,0,0.044199998
101534,0,0,3.67E-08,0,0,0.028850989
101281,0,0,0,0,0,0
101539,0,0,0,0,0,0
100711,0,0,7.22E-15,0,0,0.154216743
101462,0,0,0.511292578,0,0,0.288123854
101569,2.23E-12,0,0.827556859,0.015736204,0.000352876,0.413364098
100509,0,0,0,0,0,0.005352687
100816,0,0,0.019920138,0,0,0.155916889
101351,0,0,0.190741318,0.012044003,0.000695005,0.498436094
100933,0,0,0,0,0,0.478120973
101345,0,0,0.537823835,0,0,0.49823976
101365,0,0,0,0,0,0.100882045
101580,0,0,0.636570023,1.24E-07,7.95E-12,0.682777864
100923,0,0,0.90624215,0,0,0.984638785
100662,0,0,0.823901966,0,0,0.81678674
100032,0,0,0.031317411,0,0,0.127424019
100694,8.88E-16,0,0.05438563,1.78E-15,0,0.81102394
101724,0,0,0,0,0,0.211781985
100477,0,0,0,0,0,8.55E-07
101042,0,0,0.044047851,0,0,0.583163296
100295,0,0,0,0,0,0
101662,0,0,0.278793485,1.61E-10,1.62E-14,0.986062339
101001,0,0,0.551364656,0,0,0.884238921
101492,0,0,0,0,0,0
100967,1.97E-12,0,0.002959836,0.001609369,4.85E-05,0.100559091
101657,0,0,0,0,0,0
100924,0,0,1.10E-13,0,0,0.010397123
101596,5.47E-13,0,0.318649804,7.74E-06,3.94E-08,0.266545333
100690,0,0,0.04381504,0.002662084,3.37E-05,0.046313814
100781,0,0,0,0,0,0.417815287
101658,0,0,6.19E-05,0,0,0.176449537
101721,0,0,0,0,0,0.147627424
101359,0,0,0,0,0,1.22E-06
100863,0,0,0.002548262,1.59E-14,1.11E-16,0.052714351
100341,0,0,0,0,0,5.44E-09
101691,0.001440897,4.44E-16,0.002571979,0.003908043,0.002689136,0.098526031
100687,0,0,0.107562694,3.22E-15,0,0.015314671
100696,0,0,0.330499002,0,0,0.863731365
100797,0,0,2.74E-07,0,0,0.001169828
101490,0,0,0.003188675,0,0,0.594955402
100333,0,0,0,0,0,0.021631418
101431,0,0,0,0,0,0.032773523
100944,0,0,4.24E-05,0,0,0.877354622
100648,0,0,0,0,0,7.42E-07
100126,0,0,0,0,0,0.076800135
100160,0,0,0,0,0,0.260437683
100619,0.000181396,1.78E-15,0.219911325,0.006136244,0.002788881,0.194730269
101352,0,0,0.028305752,0,0,0.319208846
100804,0,0,0,0,0,1.83E-05
101692,0,0,0.007975193,0,0,0.65809572
101247,0,0,0.002445618,0,0,0.126925493
100653,0,0,0,0,0,0
100812,0,0,0.396239335,0,0,0.818729774
101188,0,0,0,0,0,0.000797089
101385,0,0,0.040202186,0,0,0.117298848
100637,0,0,0.10548088,0,0,0.719567047
100102,0.002446971,2.41E-09,3.59E-10,0.350415902,0.231358811,0.127201068
101698,0,0,0.778997487,0,0,0.359551268
100766,0,0,0,0,0,4.25E-12
101094,0,0,0.918761387,0.001373254,2.96E-06,0.204683521
100058,0,0,0,0,0,1.52E-07
101137,0,0,0,0,0,0.001275563
100271,0,0,1.11E-16,0,0,0.082897635
101606,0,0,0,0,0,0.000460661
101545,0,0,0,0,0,0.415088307
100663,0,0,0,0,0,1.34E-08
101690,9.03E-07,0,0.747327813,0.188657997,0.034244885,0.918218564
100669,0,0,0,0,0,3.00E-13
100679,0,0,0.126926052,0,0,0.954266731
101601,0,0,8.75E-05,1.21E-14,0,0.140893285
100599,0.007060684,4.88E-15,0.355961401,0.168696318,0.031121672,0.63652305
100400,0,0,0.011829135,5.87E-09,8.33E-14,0.212629415
101415,0,0,0.003831113,0,0,0.422323991
100220,0,0,0,0,0,7.72E-06
100770,0,0,0,0,0,0
101637,7.49E-08,0,0.101226346,0.000251657,5.34E-07,0.217920401
100860,0,0,0.173439127,1.11E-16,0,0.161575911
100943,0,0,0.064150937,0,0,0.939891369
100664,0,0,0,0,0,2.89E-15
100997,0,0,0,0,0,0.173158871
101333,0,0,0,0,0,4.78E-07
100953,0.010206408,1.01E-06,0.390475108,0.024570781,0.010618756,0.586378368
100557,0,0,0.031654666,0,0,0.666548581
101726,0,0,0,0,0,0
100434,0,0,0,0,0,0.146444181
101182,1.38E-10,0,0.014952612,0.034678788,0.005557591,0.070665081
100494,0,0,4.73E-07,0.038456986,0.003364095,0.255150526
100260,0,0,0,0,0,0.220625929
101076,0,0,0.000289939,0,0,0.076671785
100142,0,0,0.001639452,0,0,0.422695157
101284,0,0,0.488964435,0,0,0.414094673
101441,0,0,3.79E-13,0,0,0.000274494
100325,0,0,0.003417816,0,0,0.000310501
100030,0,0,0.011206255,0,0,0.419278175
100297,0,0,0.092989942,0.011105117,0.002207772,0.378734786
101085,0,0,0.267810899,0.01494121,0.001806774,0.221554525
101448,0,0,1.53E-10,0,0,0.614718158
101684,0,0,0.336456142,0,0,0.503426241
101624,0,0,6.23E-07,0,0,0.027856409
100361,0,0,0,0,0,0.103003942
100322,0,0,0,0,0,0.001108922
100540,0,0,0,0,0,0.027041808
100642,0,0,0,0,0,0.004566315
101012,0,0,0,0,0,0.182443536
101299,0,0,0,0,0,0.052015375
100223,0,0,0,0,0,0.033194588
100702,0,0,0.003572003,0,0,0.837868939
101212,0,0,0.549598644,0,0,0.329738925
100831,0,0,0.001165888,1.39E-14,0,0.313325594
101528,0.013990262,1.53E-07,0.207852082,0.940183686,0.704179318,0.175298552
101355,0,0,0,0,0,0.696985566
101223,0,0,2.11E-10,0,0,0.256325757
100312,0,0,0.137921076,0.001200226,7.40E-06,0.574542609
101543,0,0,3.89E-05,0,0,0.864221109
101111,0,0,2.78E-12,0,0,0.309003377
101309,0,0,0.454229388,6.23E-06,6.04E-09,0.674976982
100197,0,0,0,0,0,0
100913,0,0,0,0,0,0
100568,0,0,1.30E-08,0,0,0.10676745
101762,0,0,0.144279873,0,0,0.004748858
101154,5.89E-06,5.97E-05,0.843577009,0.302613556,0.137230145,0.835961125
100567,0,0,0.56855658,4.36E-08,1.29E-12,0.154127101
101327,0,0,0.30038581,0,0,0.04812227
101021,0,0,0,0,0,0
100410,0,0,0,0,0,0.228403011
100932,0,7.77E-16,0.177868741,0.000230119,1.43E-05,0.137112758
101153,0,0,0,0,0,0
100051,0,0,0.004985756,0,0,0.012655592
101248,0,0,0,0,0,0.516787726
100547,0,0,0.268956854,2.03E-14,0,0.664624179
101405,2.39E-07,0,0.002184535,0.000175707,4.67E-07,0.074572586
100306,0,0,0.552431546,2.34E-13,0,0.083449919
101378,0,0,0.053860616,0,0,0.16095953
100707,0,0,0.089807022,2.66E-12,0,0.507604286
101240,0,0,1.04E-06,0,0,0.231013828
100826,0,0,0,0,0,0
100157,0,0,0,0,0,0.161475554
100007,0,0,5.28E-05,0,0,0.204080872
101672,0,0,0.109280375,0.042325732,0.000995621,0.368292634
100891,0,0,9.30E-07,0,0,0.189349516
101340,0,0,2.28E-06,0,0,0.145373245
100207,6.14E-13,0,0.131449217,1.81E-13,0,0.368931931
100578,0,0,0,0,0,0.050568196
101022,0,0,0,0,0,0.025972812
100778,0,0,5.02E-08,0,0,0.197536903
100121,0,0,3.77E-08,0,0,0.416898335
100919,0,0,0.204326862,0,0,0.341081595
101615,0,0,0.000679029,0,0,0.705383054
100155,0,0,0,0,0,0.000222866
100941,0,0,7.40E-12,0,0,0.085422514
100739,0,0,0.013648285,0.00265755,6.34E-05,0.192873887
101613,0,0,0.012579018,0,0,0.465957532
101232,0,0,1.71E-07,0,0,0.251827761
100339,0,0,0,0,0,0.017266241
100512,0,0,0.197881976,4.66E-15,0,0.766065513
100376,0,0,0.694160187,1.69E-08,1.03E-13,0.218963205
101014,0,0,0.916713242,6.48E-06,1.08E-08,0.717368637
100552,0,0,0,0,0,0.037684801
100710,2.71E-07,1.33E-15,0.39022371,0.032379571,0.024212041,0.433975219
101231,0,0,0,0,0,0.233455866
101217,0,0,6.64E-06,8.60E-10,2.55E-13,0.021352419
101618,0,0,0.771564685,0,0,0.148100641
101701,0,0,0.370062963,1.36E-05,3.22E-09,0.214668691
100443,0,0,0,0,0,7.14E-11
100788,0,0,0.179570896,1.75E-05,8.01E-09,0.067689945
100022,0,0,0,0,0,0
101124,0,0,0.177585408,0,0,0.605043926
101367,9.26E-06,0.000644111,0.20792836,0.002428178,0.002289258,0.248972749
100976,0,0,0.001839416,0,0,0.269957147
101241,0,0,0,0,0,0.001173377
100286,0,0,0.002044033,2.97E-12,5.77E-15,0.172569333
101175,0,0,0,0,0,0.00141157
100025,0,0,0.019605504,0,0,0.111503176
101390,0,0,0.677030447,0.006213563,0.001252512,0.811769906
101274,0,0,1.71E-11,0,0,0.513004713
101115,0,0,0.53015648,0,0,0.276183987
101186,0,0,5.77E-05,0,0,0.615359599
100239,0,0,4.28E-06,0.017398473,0.001579926,0.571684191
101486,0,0,0.523610419,3.32E-14,0,0.267849398
101472,0,0,0.002409597,1.55E-10,1.11E-16,0.06060255
100476,0,0,0,0,0,0.526296432
100767,0,0,0.273058356,0,0,0.85914958
101770,0,0,0.004329798,0.161986242,0.02283208,0.00377009
100849,0,0,0.309185107,7.66E-15,0,0.591665105
100848,0,0,0.680147347,0.000285646,8.71E-07,0.847990242
100938,0,0,0.046330935,0,0,0.302444223
100682,0,0,0,0,0,0.225707568
100977,0,0,0.107076355,0,0,0.953611109
100408,0,0,0.130864666,7.25E-12,0,0.043608619
101297,1.11E-08,0,0.003908626,0.05335603,0.006399559,0.016716703
100855,0,0,0.085017173,0.000114789,8.49E-07,0.020049933
101555,0,0,0.011165785,0,0,0.662028711
100869,0,0,0.390231323,3.79E-10,0,0.628992218
100786,0,0,0,0,0,0.239116142
100368,0,0,1.85E-10,0,0,0.291916858
100105,0,0,1.42E-13,0,0,0.210756994
100837,0,0,1.25E-08,0,0,0.101217404
101228,0,0,5.91E-11,0,0,0.06769761
101233,0,0,0,0,0,0.275805157
101625,0,0,3.95E-12,0,0,0.924932645
101614,0,0,0,0,0,0.425291708
101423,0,0,1.86E-06,0,0,0.022899181
100188,0,0,0,0,0,0.019712459
100691,0,0,1.85E-07,0,0,0.829933966
100856,0,0,3.56E-13,0,0,0.66095796
100266,0,0,4.10E-11,0,0,0.065963307
100666,0,0,0,0,0,0.814218858
100173,0,0,1.95E-13,0,0,0.321204259
100999,0,0,2.22E-16,0,0,0.614947002
101730,0,0,0.001658238,0,0,0.046130591
100108,0,0,0.008085995,0,0,0.193929213
100280,0,0,6.46E-07,0,0,0.216298424
100835,0,0,2.72E-09,0,0,0.209917146
100887,0,0,0,0,0,0.144205034
101057,0,0,3.11E-15,0,0,0.020846647
101503,8.62E-11,0,3.04E-13,0,0,0.02689857
101446,0,0,0.003272904,0,0,0.24694922
101112,0,0,0.014746139,0,0,0.07764158
101263,0,0,0,0,0,0.365482002
101434,0,0,1.71E-13,0,0,0.813202885
101336,0,0,0.141969374,0,0,0.005991404
100164,0,0,5.09E-10,0,0,0.059485174
100727,0,0,9.34E-12,0,0,0.170832716
100862,0,0,0,0,0,0.044418928
101159,0,0,0,0,0,0.044530176
100712,0,0,0,0,0,0.405529598
100982,0,0,0,0,0,0.376249121
101131,0,0,0.006945718,0,0,0.018161
101268,0,0,0,0,0,0.335843595
101587,0,0,7.13E-08,0,0,0.459248752
101062,0,0,0,0,0,0.525967865
100628,0,0,9.81E-11,0,0,0.070678947
