ID,Gaussian,Gamma,ROT2,ROT1,RTLLR,DPMM,GMM
100600,0.420880311,0.663002364,0.826352921,0.867126105,0.931595379,0.433445901,0.951202229
100206,0.062338941,0.913753736,0.318354189,0.382259435,0.971141241,0.970797665,0.998480255
100729,0.012913379,0.118364989,0.224244505,0.282720199,0.984807174,0.982687146,0.999244115
100485,0.833462449,0.92769571,0.970062488,0.974561823,0.97686898,0.945779345,0.977870315
101639,0.096313195,0.090940501,0.912599827,0.940977093,0.974621667,0.098880101,0.976968514
100954,0.36656266,0.501934916,0.877660699,0.919123706,0.961480688,0.91715157,0.973162104
100686,-0.050582747,-0.050150933,0.612746955,0.693394431,0.969081433,0.938753614,0.973448129
101497,0.064906703,0.2911975,0.566316703,0.658528198,0.990154585,0.922848602,0.988377454
100964,0.013684876,0.177280363,0.277007935,0.340003402,0.996719737,0.99532124,0.99876491
100929,0.045233261,0.253879214,0.420790693,0.517205829,0.991968165,0.97721057,0.999598004
101602,0.848275257,0.901649792,0.928978554,0.930832002,0.933724829,0.87932418,0.95357888
101303,0.934064558,0.944575812,0.968585881,0.969590707,0.971792834,0.939171869,0.977185758
101347,0.066473768,0.133188758,0.702377183,0.798786969,0.984970918,0.973209218,0.987064405
100621,0.067017943,0.228408046,0.504027517,0.604769147,0.996079584,0.936770433,0.995597955
101242,0.144222771,0.738313091,0.378572634,0.442128201,0.699370985,0.134534421,0.988028876
101049,0.16408045,0.444146015,0.447278911,0.473551838,0.986540848,0.626526354,0.990258709
100809,0.873905382,0.940967046,0.976464328,0.978271309,0.978262847,0.957859963,0.978702017
101529,0.874502578,0.954030619,0.974586448,0.977027356,0.980013972,0.968089367,0.983861631
100828,0.283805629,0.480815945,0.497170592,0.555747012,0.935403216,0.935766248,0.998008522
100700,0.164093693,0.375583032,0.565961258,0.662274869,0.988166396,0.903451309,0.997920551
101202,0.336092622,0.558448963,0.788593517,0.859554777,0.987787124,0.91962208,0.993949519
100445,0.007224947,0.100665122,0.181421031,0.228563796,0.99432905,0.974918367,0.998176158
101028,0.108269918,0.228193609,0.551903952,0.652277938,0.971142246,0.965594495,0.994348479
100190,0.249776127,0.174086579,0.814295106,0.870357773,0.953281744,0.922488075,0.967408828
100514,0.389881819,0.511338258,0.871993288,0.919235406,0.983855553,0.965675625,0.989550848
100885,0.398488321,0.650564028,0.883351384,0.924743069,0.991434763,0.931486651,0.99731733
100081,0.043430997,0.217381905,0.381668251,0.466208655,0.994067811,0.825586496,0.998570578
100300,0.051554314,0.234950851,0.359482709,0.430785113,0.997253482,0.559100185,0.998128396
100962,0.069350291,0.286397148,0.409334015,0.493342239,0.888325342,0.95421352,0.9960725
101717,0.254090135,0.623305756,0.795921448,0.864198825,0.994856437,0.988436912,0.998796447
100261,0.03183231,0.594807864,0.188697357,0.244356885,0.471878828,0.806215533,0.998823506
100836,0.107909637,0.628074193,0.496310145,0.575228934,0.854168163,0.813737044,0.995402569
101025,0.11256647,0.305856315,0.496244702,0.587383859,0.997342482,0.951122983,0.997524244
100942,0.458221476,0.924056246,0.979680101,0.995866909,0.909961419,0.944936639,0.999785411
101442,0.062651063,0.804345137,0.383799761,0.453928678,0.983780464,0.686711565,0.997842137
100561,0.781991157,0.787212676,0.936221097,0.949536678,0.967491786,0.76314919,0.960909392
101262,0.042525202,0.154893484,0.20933707,0.262995674,0.531364412,0.732895523,0.97316645
101172,0.050446504,0.314053338,0.585622084,0.638440995,0.984190282,0.585433608,0.99050825
101727,0.025940246,0.736610348,0.169390317,0.21205615,0.982286809,0.993870138,0.988553121
101530,0.715469538,0.807190807,0.928619783,0.954731029,0.991593026,0.972034669,0.99124449
101666,0.459442913,0.617049238,0.86952557,0.907425245,0.978435908,0.82691706,0.98649108
100194,0.143533931,0.501797183,0.558255489,0.613177882,0.989217398,0.825048769,0.997201631
100248,0.610594988,0.821993322,0.981010396,0.988052145,0.991035665,0.947340676,0.990986087
100563,0.547629078,0.804235294,0.965569186,0.977001562,0.990338529,0.978455576,0.993166178
101422,-0.016310172,-0.00632843,0.072693426,0.100430122,0.093646373,-0.027720372,0.969839969
100796,-0.020936663,-0.010867194,0.154623877,0.187423568,0.186306978,-0.025232889,0.991412007
101196,0.249245485,0.548904146,0.588597969,0.632880637,0.962185712,0.700707594,0.973964074
100521,0.007490581,0.736657307,0.120850692,0.157133163,0.907399826,0.981019246,0.997860364
100517,0.401805618,0.47220374,0.881593682,0.91499579,0.967954873,0.402026961,0.981969123
101106,-0.058315009,-0.016082473,0.503428534,0.553937219,0.912108163,-0.059445428,0.959935391
100905,-0.015244807,0.144688948,0.396777575,0.463392195,0.91673323,0.617535227,0.995038069
101558,0.882803107,0.928627696,0.971935689,0.980012312,0.993047308,0.953723857,0.990858394
100084,0.456060025,0.351136371,0.888062717,0.919551884,0.977943792,0.463667486,0.980243341
101761,0.139807164,0.380239053,0.568069943,0.665731838,0.999274406,0.993496203,0.998683223
100123,0.322210863,0.959185636,0.865243246,0.940638487,0.912633,0.966214207,0.679820784
100258,0.288700308,0.528011019,0.681372864,0.751268736,0.988551989,0.907693202,0.993334642
100798,0.557069848,0.831559693,0.847324489,0.889169946,0.958733264,0.947158139,0.974326671
100134,0.89538828,0.885689041,0.967964085,0.970562407,0.971158542,0.896951522,0.973807189
100979,0.06286638,0.218343471,0.308127095,0.373698047,0.96234771,0.985318036,0.999132206
100354,0.063404338,0.38168848,0.664085857,0.762027385,0.988960046,0.965331199,0.99137944
100464,0.096566688,0.249674264,0.344234205,0.424692235,0.998012896,0.9916537,0.997867701
100270,0.074791767,0.63691792,0.396982786,0.494297767,0.760240881,0.960305111,0.999590719
101483,0.033639204,0.221742621,0.400481244,0.482206372,0.951077436,0.031557244,0.997940796
101395,0.01615078,0.141323222,0.173061584,0.217876963,0.973642,0.993582633,0.996789596
100993,0.027560798,0.222775556,0.178885729,0.233635542,0.991550583,0.92047748,0.992874744
101204,0.042103946,0.220272488,0.433489023,0.539448048,0.99662014,0.960949839,0.994877226
100738,0.029377723,0.739226817,0.194790178,0.250856326,0.961613355,0.982491105,0.993998653
100560,0.653897251,0.527692377,0.923582096,0.941436304,0.9823306,0.860143564,0.984622684
100017,0.049512019,0.233017249,0.336246731,0.413851196,0.986236953,0.90448889,0.988578502
100505,0.721450598,0.790293775,0.937244445,0.958380711,0.988691494,0.792502961,0.99210271
101479,0.239705503,0.48611159,0.916679339,0.943703797,0.972642796,0.915898832,0.982076762
100363,0.668471103,0.821657578,0.963092942,0.971348155,0.9768053,0.974102796,0.979672094
100545,-0.023046041,0.088826188,0.462994171,0.569779939,0.96433911,0.868013828,0.978878497
100834,0.287707293,0.526752851,0.803067799,0.867866566,0.991781752,0.992323627,0.994732284
100701,0.165543991,0.386199007,0.714827333,0.795151942,0.995029853,0.968951118,0.995039075
101370,0.210142783,0.497385031,0.641823039,0.735371977,0.998488675,0.979326026,0.999323175
100355,0.390682083,0.61019932,0.774537366,0.817567303,0.973234766,0.837499229,0.984884304
101480,0.128517814,0.825387359,0.472972869,0.532373807,0.904203476,0.806146633,0.99688282
100013,0.203737202,0.40586365,0.734818309,0.825853597,0.994723085,0.991841063,0.99412063
100482,0.110963556,0.258900099,0.611974804,0.715498705,0.99644751,0.979475777,0.997479951
100161,0.41397786,0.699450762,0.933105144,0.959132608,0.997085114,0.99668641,0.996001228
101300,0.017231053,0.640337347,0.175212158,0.224899769,0.387994272,0.988691659,0.991587967
101468,-0.01537842,0.633917014,0.150894967,0.195957849,0.994843109,0.991533823,0.99422823
101171,0.183357853,0.301103899,0.393490873,0.43166671,0.965723734,0.960240632,0.994961549
101474,0.346233138,0.624470014,0.762083862,0.809929791,0.992361816,0.950606857,0.99781355
100326,0.053606494,0.215544368,0.181671051,0.225395902,0.918599872,0.830549119,0.989279525
100695,0.011964234,0.126425158,0.224519751,0.289935587,0.994886249,0.983518438,0.998571158
100337,0.060609885,0.192508554,0.267566092,0.320535901,0.978928488,0.906286183,0.998374622
100618,0.057210272,0.229177606,0.311741048,0.386829491,0.990452659,0.966371121,0.99853139
100180,0.253068465,0.572881299,0.632756904,0.667395773,0.980601314,0.682549346,0.985478753
101536,0.017977773,0.510243907,0.228766222,0.26433975,0.744526678,0.213070893,0.965064403
100629,0.069583101,0.228321198,0.199402923,0.232904245,0.605133809,0.728442882,0.996676082
101236,-0.018752108,0.429342183,0.229233329,0.296477182,0.973192339,0.945428119,0.995962681
100316,0.739018131,0.824211735,0.961578751,0.973766702,0.983709778,0.964748648,0.985406696
101252,0.376364252,0.602190475,0.606743047,0.643412294,0.974514553,0.728209221,0.977575111
100232,0.132465509,0.444080594,0.606717764,0.65849212,0.948493913,0.630273242,0.997719275
100633,0.337903248,0.681993386,0.790335643,0.841800221,0.98953163,0.899719395,0.992304036
101617,0.135946422,0.400261983,0.55793824,0.652705825,0.967475766,0.935089417,0.999129211
100049,0.4168104,0.603445571,0.781139385,0.844455752,0.990064447,0.867624317,0.994535167
101166,0.03212013,0.296007334,0.492173695,0.57706483,0.973072521,0.799378879,0.993498065
100119,0.100891722,0.234277406,0.426668539,0.505419587,0.754298167,0.791328989,0.996748547
101261,0.047883114,0.29639161,0.264154317,0.319498514,0.975895227,0.968585678,0.987681369
100478,0.015264251,0.138943877,0.304892033,0.38141771,0.997462759,0.995092203,0.998722495
100466,0.11895876,0.352590583,0.601768973,0.683388457,0.985718715,0.84394555,0.987742386
100461,0.633434499,0.876940013,0.923390626,0.94263149,0.978065254,0.929406188,0.984029844
100471,0.178810473,0.688382212,0.619930848,0.654977652,0.978474367,0.610587558,0.995578772
101219,0.220848268,0.282138662,0.858989464,0.915659132,0.973093737,0.952925426,0.977080343
100516,0.069915921,0.194547318,0.262490883,0.324332308,0.970596743,0.997754273,0.997617093
100689,0.26805834,0.560399367,0.628524792,0.649364369,0.043241169,0.030864915,0.199177757
100129,0.608876993,0.8681783,0.955412004,0.967500703,0.990181472,0.970806847,0.991559506
101520,0.296755825,0.825194059,0.868604941,0.93883564,0.915597591,0.9933656,0.997198526
101432,0.550869393,0.830153814,0.968255887,0.977381219,0.984993945,0.941794389,0.985633974
101603,0.039869735,0.735660962,0.266008298,0.339771617,0.875061708,0.94452735,0.996540143
101325,-0.005558368,0.192413105,0.239947529,0.296314249,0.995894459,0.981523046,0.989703859
101037,0.04300331,0.465818191,0.280035062,0.318591681,0.483866895,0.557008576,0.992193284
101245,0.14408379,0.377214888,0.489712912,0.529579528,0.985871103,0.493642328,0.993580306
100819,0.744633496,0.710056611,0.921862912,0.924355939,0.92459466,0.763472192,0.929876257
100910,0.035562441,0.277517269,0.212903511,0.247461645,0.994095109,0.985612699,0.996235708
100660,0.821272193,0.944523321,0.976666601,0.979000914,0.982556215,0.965258437,0.983634931
100382,0.67697521,0.823337256,0.950841379,0.968843022,0.981308049,0.9479529,0.988082816
101270,0.033189649,0.714193994,0.277087125,0.350949245,0.950224627,0.983938203,0.996972105
100994,0.292261087,0.499875902,0.868888765,0.92294001,0.992012549,0.961927616,0.996932732
100279,0.423183128,0.739636905,0.910287935,0.93477913,0.982936153,0.92683082,0.995077283
100145,0.047825221,0.761329184,0.243663929,0.306012639,0.96559424,0.985650517,0.996917974
100304,0.594962143,0.694155303,0.925320007,0.948489334,0.9874327,0.941441052,0.989724755
100946,0.244989706,0.465015123,0.379077969,0.41125763,0.724844244,0.382537227,0.970412851
101737,0.201383532,0.961130746,0.619875051,0.681843167,0.772586027,0.886267236,0.897431653
101521,0.32813149,0.575469,0.675502301,0.724861992,0.989932542,0.896176791,0.989986247
101243,0.585133356,0.781751354,0.808272046,0.842169945,0.979553346,0.790061506,0.98465084
100724,-0.010222373,0.096125966,0.195126353,0.24414484,0.987517271,0.96997331,0.996145194
101715,0.03133452,0.15053206,0.18160196,0.203321524,0.26230333,0.242253164,0.864024077
100372,0.067362183,0.236682385,0.280161655,0.334717188,0.936964165,0.94133971,0.990102806
100595,0.40775475,0.85189748,0.848692328,0.888856958,0.985541011,0.929432361,0.99129444
100590,0.260371722,0.51774373,0.71537088,0.792458142,0.981345635,0.96389882,0.983433839
101205,0.079328991,0.413828772,0.765378811,0.839425525,0.984932367,0.921535164,0.989852517
101113,0.083086901,0.273423004,0.470741866,0.558264316,0.995222584,0.952741209,0.996773717
101033,0.35359512,0.567218187,0.863745267,0.908206197,0.992194299,0.927047354,0.994882971
100630,0.271823284,0.552739677,0.630375674,0.647300906,0.9551005,0.655668621,0.976099746
101504,0.175993286,0.415757125,0.540916402,0.598468056,0.993992991,0.984298102,0.99549689
100871,0.193292097,0.496327187,0.528732669,0.57934348,0.995201374,0.983702731,0.994561525
100413,0.535549958,0.860514898,0.916573575,0.935910853,0.99128363,0.904194371,0.990128852
101619,0.150617902,0.28846821,0.447578289,0.516742707,0.996456153,0.642487498,0.995036793
100113,0.064575352,0.79792417,0.256820778,0.324633412,0.997417358,0.99749373,0.999175367
101230,0.227232652,0.867128854,0.529945255,0.571067682,0.537005513,0.648153391,0.878602101
100360,0.57807428,0.701345326,0.952291116,0.960845338,0.970112043,0.579599503,0.977713311
101096,0.36022879,0.707713308,0.711846689,0.748522567,0.971549446,0.746320066,0.978736774
100324,0.805196577,0.670852656,0.933838864,0.944510092,0.965699393,0.825512462,0.975719456
101178,0.703696058,0.863429023,0.955064927,0.962371186,0.971370526,0.71299805,0.968774187
101100,0.336151914,0.546551259,0.674003055,0.745858491,0.987779747,0.970731056,0.990365267
100475,0.083536626,0.256275443,0.425485348,0.511290004,0.995255322,0.995870345,0.998307595
100771,0.034294351,0.18818188,0.255794673,0.318376286,0.952194174,0.954045652,0.998684767
100838,0.044965267,0.21602252,0.42157459,0.510506802,0.993179157,0.99565085,0.996007096
100431,0.199296726,0.553162523,0.808528509,0.863099417,0.98163066,0.767264529,0.984820845
100454,0.227958668,0.644335493,0.86395997,0.895556507,0.959537214,0.709247941,0.929474324
101621,0.167136673,0.403914647,0.726078747,0.808592732,0.988541918,0.973332207,0.991436679
100390,0.058727344,0.205841382,0.47054387,0.57475895,0.994188485,0.948952109,0.996407479
100027,0.740786466,0.847495461,0.936114774,0.950379048,0.976024807,0.873631735,0.984907963
100506,0.918001455,0.817302374,0.972027616,0.973629342,0.971292861,0.969653394,0.975232928
100825,0.08442416,0.258599118,0.329411548,0.356495794,0.994445451,0.986431347,0.993693922
100468,0.087874778,0.70037282,0.416400101,0.517877042,0.762073773,0.977580544,0.996988864
101121,0.090709158,0.682899898,0.380579484,0.462088302,0.528715569,0.143970945,0.97651558
100150,0.0224255,0.134138737,0.17987766,0.226606333,0.997319908,0.998681856,0.999228096
101265,0.032981712,0.148298466,0.1916769,0.234047647,0.771474447,0.860707381,0.995974352
101253,0.236508498,0.54372542,0.631665031,0.690976948,0.877195068,0.825621656,0.994394119
101705,0.098717759,0.323552443,0.468785578,0.55250717,0.958753026,0.837829603,0.99704306
101516,0.13254049,0.060198569,0.892537225,0.929742246,0.984623471,0.936646936,0.980870362
100972,0.029385347,0.21887035,0.328181126,0.373037533,0.991301788,0.980977234,0.997147966
101179,0.04574033,0.141795687,0.37121282,0.46143022,0.997310995,0.993514387,0.998231314
101380,0.018065086,0.169924996,0.267530886,0.335712399,0.860785327,0.919621905,0.988239005
100558,0.035819932,0.775620421,0.288026142,0.359568101,0.94674819,0.997060781,0.995975052
100959,0.085820286,0.346629102,0.441011851,0.525105797,0.979791785,0.952817826,0.999537747
100524,0.088585664,0.301189642,0.381497797,0.454350827,0.994906406,0.990173575,0.997834038
101393,0.613492034,0.766182736,0.916626621,0.937613444,0.966773472,0.946242604,0.980015678
100174,0.256905036,0.443324184,0.729414569,0.801851381,0.946809476,0.957686252,0.994618324
101557,0.074393654,0.231397454,0.260524997,0.312241852,0.785892961,0.773206067,0.997307456
100403,0.280980072,0.477912438,0.787819771,0.86091881,0.994924713,0.966967387,0.995519999
100546,0.746159988,0.736319516,0.964990137,0.969227146,0.553264623,0.481127607,0.971802358
101069,0.412722984,0.724677585,0.781269139,0.840050082,0.974927133,0.849738386,0.995506162
101129,0.211345396,0.176090352,0.623910549,0.681567822,0.472629801,0.231673484,0.830591977
101523,0.072687142,0.565329679,0.54262229,0.64695006,0.92009838,0.913559509,0.990538906
100077,-0.005631713,0.355321013,0.476041365,0.541386189,0.986229858,0.960643811,0.980510476
101400,0.01117401,0.263083385,0.817986492,0.888063709,0.976749971,0.960666453,0.987701975
100106,0.68255576,0.91484395,0.929606639,0.944151502,0.984080715,0.92038481,0.989558628
100181,0.129153483,0.395661568,0.554938262,0.63635788,0.961068928,0.910593129,0.988355119
100060,0.115543888,0.347600728,0.488685625,0.563835302,0.966920705,0.756475181,0.994332739
100433,0.667092931,0.666085843,0.907972385,0.930813852,0.97109061,0.670092194,0.965469381
100438,0.016829539,0.107798926,0.210218285,0.261159927,0.998424865,0.998727955,0.998452059
100336,0.092917313,0.274474276,0.327579981,0.380227497,0.995487306,0.962823967,0.991244207
100873,0.750747305,0.921814547,0.955727155,0.964859589,0.9801032,0.973854337,0.978695575
101463,0.033881318,0.133912802,0.15798021,0.200203722,0.984695393,0.98584983,0.994221314
101496,0.256302786,0.200326883,0.605948275,0.68954985,0.978289525,0.264248331,0.985410407
100211,0.035942083,0.179962353,0.548490531,0.642110798,0.985943572,0.986283011,0.990144358
101180,0.727231816,0.888262733,0.954430559,0.960983581,0.972845824,0.729679219,0.981885532
101510,0.051820791,0.197391914,0.239920774,0.281540523,0.262560984,0.420972979,0.459627655
100718,0.211441377,0.720096221,0.728915206,0.796035682,0.988480752,0.928241262,0.996639661
101759,0.073932233,0.263908729,0.441647032,0.530652198,0.991725321,0.995175468,0.998140102
101292,-0.010768372,0.164640067,0.192909476,0.250373287,0.998009901,0.99153648,0.998165264
100851,0.653968802,0.856676437,0.915482408,0.935046462,0.978020908,0.867016155,0.979647693
100754,0.097650798,0.251113349,0.415051135,0.471136476,0.992558602,0.423192917,0.991675624
100343,0.385756906,0.799804897,0.811030396,0.852753153,0.995344221,0.992489803,0.998485722
101563,0.018380015,0.066917857,0.197447945,0.256700943,0.557625256,0.018327721,0.99704864
100070,0.025774897,0.210645837,0.263175035,0.332066851,0.999030729,0.991897386,0.999231012
100925,0.096610129,0.538882875,0.240886883,0.303176772,0.979730986,0.80119909,0.996955369
100488,0.143748303,0.328746326,0.585968865,0.666869431,0.971631609,0.898252221,0.994612333
101063,0.138456025,0.679574513,0.522845355,0.589353688,0.86254609,0.550281167,0.971855024
101194,0.118139174,0.296012116,0.767088194,0.854718185,0.995465698,0.988184628,0.996285648
100534,0.024824241,0.651887603,0.261676075,0.333443074,0.930599382,0.987547656,0.999134808
100317,0.147146678,0.322846647,0.71560579,0.786944339,0.987769004,0.885001591,0.988640629
100012,0.661118697,0.737576255,0.943108256,0.957777899,0.988601527,0.874073575,0.972219521
101384,0.520937789,0.695560157,0.927418873,0.9597751,0.993268339,0.986091159,0.992310648
101332,0.045146154,0.751689005,0.301334917,0.373382007,0.905359914,0.846669537,0.995545367
100817,0.032278737,0.14028065,0.241880402,0.302258521,0.997542694,0.991769488,0.999367967
100783,0.024012372,0.092230035,0.223979399,0.284780843,0.907901266,0.907663521,0.999219828
100213,0.013703187,0.738557518,0.146235409,0.186656806,0.981682887,0.998874899,0.998549154
100755,0.440200642,0.729641566,0.784595443,0.847207766,0.975422229,0.763613746,0.995356414
101287,0.851502313,0.941698242,0.958201613,0.961273003,0.963728663,0.95801169,0.979253062
100386,0.108868057,0.420750867,0.489962485,0.57894108,0.817453938,0.777275339,0.995101423
100417,0.033602127,0.209190166,0.317184097,0.391824021,0.998145301,0.945825976,0.999040997
100776,0.78131245,0.904674877,0.969072398,0.972903911,0.975266767,0.953148049,0.983903605
100950,0.012641347,0.085041218,0.126824029,0.164960691,0.938298753,0.872009316,0.997023804
100185,0.063567464,0.069491985,0.39750036,0.482753467,0.694280981,0.063025438,0.997968635
100421,0.049431357,0.185870402,0.422284466,0.517333966,0.996934491,0.986702978,0.9990297
100532,0.591372637,0.813405141,0.905510484,0.92765658,0.976129665,0.949617719,0.983980539
100283,0.051381283,0.204250699,0.5490608,0.660172693,0.994166294,0.993610409,0.995582491
100374,0.037196987,0.114296208,0.444150132,0.549670736,0.995925219,0.037717389,0.998283811
100753,0.06697645,0.209974764,0.327150753,0.398400973,0.995681166,0.97271976,0.998868101
100216,0.664951948,0.615261926,0.837561712,0.877643628,0.976455653,0.656204422,0.97837254
101142,0.040716081,0.730091483,0.304362582,0.38744494,0.957751163,0.998183276,0.999340264
100523,0.123127151,0.429353791,0.49133302,0.564909731,0.981604301,0.968810269,0.998120984
100845,0.189532818,0.487535091,0.609789972,0.64287982,0.927683107,0.736781769,0.995522598
101553,0.008203448,0.199149746,0.21673663,0.281289374,0.981578758,0.951682399,0.997981335
101635,0.182417789,0.452784027,0.551336949,0.59110516,0.669911029,0.688414313,0.997025989
101732,-0.00372513,0.210160756,0.374395371,0.458583943,0.984298287,0.832623854,0.998443494
100822,0.143149775,0.806077166,0.531409825,0.609950373,0.885685349,0.975356615,0.99595696
100152,0.038861996,0.757965346,0.274359888,0.349506657,0.97499122,0.938013737,0.997367033
101373,0.051082599,0.309730849,0.419129757,0.506666059,0.98812678,0.752250932,0.997000205
100865,-0.019666192,-0.00024146,0.077943753,0.105615112,0.047684553,-0.025129535,0.857594287
100758,0.135564487,0.79358037,0.401650028,0.479761566,0.663882694,0.237371004,0.967406515
100678,0.042956576,0.448199182,0.34637234,0.427499774,0.957627058,0.78621701,0.997357059
101751,0.015446812,0.127648439,0.227596567,0.290871263,0.99873664,0.996780962,0.998253254
100654,0.038037918,0.726265339,0.327912155,0.414386231,0.83140973,0.714607998,0.997275886
101278,0.102249562,0.268562608,0.593388426,0.648814885,0.977688883,0.728977131,0.99277166
100289,0.573601269,0.877295895,0.946566612,0.957400752,0.982472696,0.976787321,0.994855223
101264,0.108889631,0.320149447,0.354870265,0.421121679,0.987835571,0.967961277,0.996883289
100277,0.082571734,0.038122982,0.333052902,0.426190841,0.947269261,0.081565242,0.993740673
100459,0.05810949,0.633825467,0.346423796,0.445923568,0.993309307,0.838496087,0.989569664
101275,0.245672424,0.488863813,0.775551463,0.845896899,0.991746381,0.930784265,0.994336633
100584,0.089575422,0.396967419,0.48516357,0.555867186,0.958085064,0.641305008,0.996119152
101473,0.035571698,0.860174902,0.204843367,0.258565148,0.999866372,0.945725555,0.865406158
100594,0.135519121,0.478296299,0.67974335,0.743821956,0.987816773,0.820409497,0.998117339
100073,0.118403373,0.688559045,0.642780043,0.733013552,0.989545044,0.962843068,0.996337733
101138,0.12980745,0.383472621,0.51885656,0.582682841,0.957628303,0.886609376,0.998849531
101738,-0.002535855,0.160605711,0.242397693,0.289972892,0.929435522,0.918529109,0.996920803
100230,0.174437427,0.504598054,0.617875998,0.690750174,0.995320928,0.980839815,0.996416806
100383,-0.002320281,0.232534256,0.240339362,0.288971843,0.990273753,0.99207245,0.99667811
100818,0.025389263,0.180765396,0.373595049,0.45746819,0.992438046,0.963485388,0.997976081
100990,0.0616596,0.251355957,0.298684111,0.364384398,0.613643962,0.568514031,0.162875696
100365,0.105136844,0.446776888,0.681480213,0.7428095,0.959199215,0.780723239,0.9638476
100947,0.02319314,0.299974705,0.649248899,0.741474277,0.983203577,0.858935706,0.989200021
101780,0.088274243,0.348121853,0.460054091,0.55452289,0.950892139,0.964291558,0.996430679
100172,0.036818353,0.72514917,0.217241431,0.277102546,0.378740066,0.919924577,0.117246176
100574,0.854687707,0.906320997,0.955538028,0.963122757,0.976201098,0.911958168,0.979923881
100327,0.251851705,0.610708522,0.695715319,0.742620886,0.997956048,0.977411499,0.99534446
101308,0.720043586,0.903301482,0.973178421,0.97984379,0.986967838,0.976562568,0.991603533
101702,0.140483482,0.345423156,0.708698171,0.801955802,0.99384773,0.943979956,0.990260884
101565,0.0362487,0.225563411,0.398288617,0.488142673,0.995232235,0.95989321,0.996107604
100346,0.087204916,0.169751063,0.327120346,0.405499777,0.666023533,0.22215414,0.997053256
100904,0.084751564,0.504998848,0.362692891,0.442198885,0.978218874,0.950351111,0.991129424
101083,0.133990599,0.312136045,0.364306136,0.446335554,0.995186244,0.949569901,0.997624863
101226,0.039906075,0.793630923,0.225501167,0.283955918,0.981698301,0.79890915,0.994840578
101706,0.005672265,0.023074854,0.17339128,0.245785832,0.038408664,0.031580822,0.816530239
100035,0.130761989,0.935130745,0.522142322,0.581755418,0.999325449,0.891854081,0.457264331
101206,0.517455137,0.406082394,0.89489397,0.910659578,0.928602581,0.525979404,0.945507339
100522,0.18244131,0.419296344,0.432449541,0.467123814,0.620664169,0.975227245,0.996667385
100706,0.049567199,0.760501084,0.234447255,0.296912976,0.988633852,0.993021041,0.998052067
100652,0.427351222,0.767468071,0.867255375,0.898558395,0.990519326,0.932485386,0.996462894
101102,0.031535583,0.166733432,0.286063679,0.36025957,0.997305092,0.99784222,0.999050274
101164,0.04420685,0.73707281,0.221412979,0.279581665,0.982500095,0.995039087,0.999055014
101535,0.189376431,0.252673993,0.46564164,0.55618863,0.632337269,0.425227064,0.992972688
100217,0.452009295,0.804976232,0.875803454,0.910230185,0.984472894,0.974255459,0.989936784
101073,0.793909524,0.840341404,0.952406868,0.959974088,0.968527511,0.956594907,0.964706872
101776,0.224299851,0.422202963,0.639183358,0.705092383,0.984632864,0.981846678,0.997058111
101634,0.050544889,0.742950875,0.356165637,0.445276003,0.775134362,0.402818112,0.993000058
101210,0.125914812,0.311451253,0.345290871,0.400825492,0.998344228,0.987571792,0.998755902
100175,0.112051963,0.326095196,0.436055596,0.515011669,0.434438954,0.694964146,0.982007449
100448,0.042171811,0.611656241,0.251728085,0.320579629,0.395801828,0.649095696,0.985054768
101682,0.628848629,0.880559742,0.964498701,0.976896544,0.989895435,0.976790825,0.993155321
100419,0.166187933,0.906158397,0.586300124,0.672413396,0.944346642,0.949515833,0.996704692
101571,0.023344144,0.675631738,0.16636094,0.213575152,0.988653861,0.999599283,0.999624595
100882,0.005093977,0.077674227,0.12136148,0.154629966,0.990739208,0.9976222,0.996344292
100762,0.133289186,0.885326146,0.570106222,0.704602208,0.922795369,0.834525997,0.527285378
100334,0.127828746,0.346108245,0.456822644,0.522105736,0.785895365,0.927800618,0.995521978
100583,0.176269917,0.296048951,0.625226365,0.729079395,0.995269969,0.978425108,0.997304471
101681,0.064073735,0.670816413,0.268506817,0.323727817,0.996156272,0.995805337,0.99684229
101689,0.728682817,0.763944267,0.907721286,0.924786191,0.814190232,0.758400063,0.981077004
101258,0.224732166,0.422325509,0.617988955,0.675202425,0.986539258,0.989119793,0.984811223
100212,0.112196397,0.285706034,0.422842971,0.514209323,0.994340189,0.89714346,0.994898721
100218,0.019256173,0.115856693,0.164972655,0.208460269,0.755765063,0.768493897,0.977333325
101595,0.668848996,0.315551411,0.878136513,0.898795043,0.930668539,0.678095437,0.945348324
100636,0.430117281,0.615766918,0.941352973,0.953512418,0.971521378,0.438277381,0.984060503
100418,-0.037581477,0.032619992,0.20443322,0.255025127,0.996597508,0.988825895,0.996895759
101478,0.322582948,0.353985489,0.731749594,0.772908469,0.983269164,0.504196111,0.981724352
100253,0.054587012,0.071180639,0.420710325,0.508904476,0.955928914,0.058635419,0.982746403
100455,0.027864773,0.165693573,0.23737708,0.296692242,0.994210724,0.975024836,0.998323941
100784,0.065932939,0.189307921,0.41219509,0.493383292,0.696298671,0.813371679,0.995642345
101610,0.908890833,0.84109434,0.966944303,0.969133245,0.969933816,0.903520003,0.980316089
100291,0.068283044,0.776889069,0.345283661,0.428332953,0.827385689,0.943904596,0.248647112
100117,0.593216788,0.768061789,0.889490919,0.91668919,0.915287085,0.751265069,0.999232479
100622,0.149256789,0.306053331,0.805794431,0.868237977,0.983331995,0.890164845,0.988936767
101029,-0.044385501,0.104270697,0.344707793,0.405258517,0.990660608,0.765180882,0.991830337
101024,0.059332362,0.441567201,0.368041106,0.40360956,0.737421455,0.363852269,0.989710384
101440,0.181666848,0.380305748,0.57674719,0.661077473,0.991448672,0.979273864,0.998872551
100199,0.25637762,0.621617408,0.735993762,0.801959805,0.990424976,0.949089224,0.989943812
101713,0.086669546,0.225087265,0.336961105,0.424481182,0.403180633,0.427399752,0.998429557
100709,0.583229962,0.791887869,0.957386796,0.973089159,0.989718852,0.964331366,0.992626463
100902,0.028177883,0.143832524,0.205930858,0.2592683,0.997776922,0.998488976,0.998583727
100251,0.188649682,0.190647733,0.816131589,0.852698911,0.930410469,0.185071767,0.9348179
100973,0.840970195,0.940350532,0.983290649,0.985466819,0.98755721,0.954668369,0.986591088
101436,0.364198828,0.575326456,0.668730518,0.727379742,0.985403465,0.62456301,0.980443042
100625,0.69593538,0.835412384,0.973929779,0.981568024,0.988610839,0.963769063,0.992684473
101774,0.269334391,0.917669246,0.833283992,0.890042815,0.983128635,0.918901107,0.998805815
100992,0.826175253,0.850793473,0.954332826,0.967317737,0.985032681,0.815627001,0.980141287
100026,0.437612395,0.710359094,0.839145811,0.890614132,0.988499984,0.943631908,0.993664897
100780,0.482230575,0.741993001,0.813002277,0.842570763,0.966029077,0.831483505,0.985440154
100267,0.733952443,0.867689,0.967937328,0.973747159,0.980850451,0.976691715,0.987438348
100978,0.8424479,0.93529008,0.97214805,0.975624475,0.980178015,0.97873715,0.983725425
100987,0.059755281,0.327774205,0.418991656,0.503503799,0.981270127,0.938142215,0.99715591
101498,0.082251444,0.3125962,0.596933994,0.699479858,0.997580039,0.996057777,0.997251892
101656,0.849437567,0.920511417,0.95653415,0.962240541,0.972176035,0.936233813,0.970505199
100939,0.271422942,0.53607903,0.691799216,0.765707247,0.994048681,0.928650431,0.99446144
100842,0.04041179,0.200022003,0.418785888,0.514136362,0.996628181,0.98111313,0.998496815
100550,0.065294546,0.246122026,0.328718428,0.391058283,0.916985443,0.737220013,0.994769046
100057,0.21536858,0.350331488,0.633942342,0.68415589,0.09675956,0.104528429,0.515057226
100104,0.180870425,0.347361427,0.481922376,0.572840914,0.508988032,0.341689495,0.989883177
101769,0.582450554,0.767409122,0.921478497,0.954320317,0.986910113,0.985681585,0.986088605
100674,0.586103765,0.825568726,0.870241407,0.89073113,0.94221377,0.914347559,0.999080369
101783,0.803256074,0.90884983,0.953771726,0.959313346,0.978025718,0.977020801,0.988985497
101459,0.195737216,0.493007068,0.612377171,0.672902297,0.9768232,0.899633165,0.998634833
100684,0.044870708,0.719926083,0.453041438,0.525693907,0.793214477,0.783106526,0.997272343
100394,0.383432529,0.693472378,0.690204288,0.734607977,0.97518469,0.776728962,0.978479576
101447,0.045302024,0.172020819,0.401438955,0.489231577,0.970075245,0.88427734,0.997713004
101703,0.473642921,0.746160572,0.842520549,0.889935336,0.98092118,0.864092394,0.997751867
101050,0.466462471,0.621040896,0.795743935,0.8455242,0.979706991,0.862672335,0.979711367
100272,0.594233481,0.704796535,0.786112595,0.802024133,0.937563623,0.823397531,0.970370313
101537,0.15068527,0.479204532,0.57564129,0.656408883,0.95746269,0.721434321,0.998644548
101360,0.031204788,0.572035127,0.185480344,0.253657583,0.880463376,0.713660567,0.98925302
100353,-0.006796475,0.070071629,0.133863905,0.165723748,0.996498159,0.98861438,0.996440338
101416,0.480422316,0.747854576,0.870207222,0.896726059,0.990784056,0.93740851,0.996262175
101594,0.0128534,0.699578383,0.221611506,0.290969124,0.980146742,0.991956843,0.998773586
100064,0.304354786,0.57483503,0.696736275,0.7686533,0.967035279,0.914173425,0.996719135
101375,0.004672351,0.162397959,0.492536411,0.605295041,0.996441619,0.99052196,0.996647564
100890,0.305847241,0.529239612,0.528015309,0.574416329,0.98181018,0.975533294,0.994337418
100850,0.055190615,0.817803297,0.284512114,0.356667099,0.938311894,0.987300588,0.996707536
101055,0.347068961,0.408626199,0.902208837,0.934904914,0.969137047,0.957036592,0.970290923
100968,0.055025731,0.197030589,0.597555296,0.712249562,0.990039853,0.989275749,0.990915199
100685,0.343655182,0.346722277,0.933200177,0.95568676,0.973331924,0.339125041,0.975449482
101572,0.087425705,0.357781256,0.591993641,0.679616754,0.991132683,0.984936392,0.997567697
100147,0.037473317,0.073059574,0.209584809,0.253618164,0.971895279,0.890715739,0.982176993
100137,0.06647772,0.354181261,0.696752026,0.788058207,0.9849924,0.953825151,0.988918548
101753,0.090071589,0.352859393,0.823697078,0.87040591,0.982101187,0.914056855,0.988170744
101527,0.129897946,0.607712035,0.834903087,0.866028611,0.976946707,0.844643367,0.988156605
101403,0.430323497,0.787113996,0.889749907,0.909990617,0.993439768,0.934506281,0.995644999
100238,0.528059647,0.85387947,0.860654756,0.877864803,0.98748716,0.856524475,0.994446942
100800,0.319979885,0.608971443,0.865943431,0.915050341,0.994227692,0.882168934,0.992993401
100650,0.302697803,0.567544513,0.617344122,0.659077374,0.980466569,0.907919497,0.995189227
101519,0.110918706,0.278717258,0.388271685,0.464371472,0.926275327,0.886721536,0.997578922
101583,0.599109949,0.887133657,0.92197591,0.945359681,0.983191931,0.945015652,0.98711478
101266,0.746164365,0.929239734,0.941973008,0.954431921,0.97008552,0.942383542,0.981270748
100014,0.036831611,0.157695817,0.211796417,0.252861463,0.963013197,0.911572204,0.987373616
101342,0.785572514,0.9741412,0.974454834,0.978545641,0.987670517,0.956406651,0.989343173
100991,0.09383942,0.371296801,0.73228579,0.817582023,0.98676572,0.958492711,0.992075208
101642,0.069372247,0.283705287,0.32534118,0.370453981,0.985461737,0.915181714,0.988628398
100858,0.788034607,0.832719505,0.929009752,0.949020808,0.978698103,0.800373418,0.985054203
100764,-0.10598276,-0.145134653,0.744524748,0.83058864,0.96592517,0.837487759,0.973827772
100951,0.669190832,0.898117769,0.912979051,0.921284359,0.917738121,0.934477728,0.987980628
100779,-0.016075402,0.138920733,0.084962281,0.123680688,0.976540697,0.753446715,0.975839991
101767,0.159504626,0.445190074,0.48644649,0.533950445,0.993974026,0.988986293,0.994249909
101371,0.847328576,0.949324864,0.961462141,0.963949247,0.965404162,0.953738057,0.979093722
100252,0.109863937,0.484038682,0.47529627,0.562132523,0.519715462,0.587370712,0.476108875
101763,0.02646213,0.800719755,0.207923917,0.256245527,0.581690097,0.936659538,0.945866235
100028,0.427203269,0.743869014,0.878209371,0.899893985,0.990986494,0.96205099,0.994108057
101008,0.382221639,0.435374919,0.812563019,0.877937378,0.970267992,0.879359664,0.974265965
100350,0.258181514,0.6073682,0.906874135,0.931950326,0.966091212,0.952277495,0.982427183
100097,0.86751268,0.934578288,0.984635638,0.986344086,0.987144129,0.984896526,0.989492354
101272,0.051539373,0.663161937,0.255869443,0.327638789,0.704246913,0.565201566,0.509442703
100593,0.128914476,0.343711848,0.551750336,0.622325608,0.65899494,0.704207182,0.98111542
100179,0.021080816,0.709766397,0.159891696,0.206961325,0.857625129,0.942321316,0.995623662
101620,0.216379486,0.399623622,0.541201278,0.616494178,0.987665806,0.979852677,0.993112681
101566,0.214583281,0.468261387,0.590502731,0.646414338,0.97521186,0.705117874,0.996941333
101667,0.190361701,0.510194617,0.772013565,0.807561686,0.992583913,0.87565219,0.994826719
100242,0.643027597,0.901213072,0.909158193,0.935666539,0.974738441,0.933258989,0.995751379
101041,0.837546423,0.848471357,0.921961593,0.932950908,0.960774046,0.83646712,0.974912986
100377,0.497907408,0.744702513,0.894139951,0.925681277,0.991332575,0.931060726,0.989326978
101630,0.265927762,0.400311856,0.669597131,0.692999553,0.69678029,0.777219346,0.997339969
100151,0.168196365,0.347968015,0.591201144,0.692389201,0.994476662,0.96195571,0.998411891
101512,0.157095749,0.264535048,0.61848238,0.722724552,0.985319243,0.96727787,0.998930051
101465,0.71499906,0.849144747,0.954791832,0.959162793,0.964372862,0.958226986,0.978809522
101082,0.065342661,0.252185135,0.739195133,0.825544433,0.989623646,0.95266987,0.995466792
101313,0.042937966,0.243129909,0.412026623,0.497828227,0.951729781,0.908065414,0.998874418
101712,0.794792766,0.894646276,0.979743073,0.984167411,0.989042596,0.970854791,0.990030366
100616,0.001261899,0.763274728,0.102319061,0.134871974,0.898344124,0.881911953,0.99285459
100437,-0.002836895,0.158327862,0.334066964,0.40860768,0.995749063,0.710491529,0.994062335
100313,0.093561991,0.239631665,0.671247544,0.777907181,0.990184685,0.97808394,0.99471387
100371,0.080833328,0.365889551,0.574913039,0.671120708,0.985844829,0.945432193,0.997544007
101187,0.132321352,0.238673208,0.60564812,0.707991313,0.997076898,0.992465726,0.998236842
101593,0.284514399,0.90028947,0.754224913,0.789782399,0.937167855,0.862746693,0.999249303
100665,0.106152701,0.294333764,0.518137662,0.617298794,0.998389285,0.998241736,0.99741309
101152,0.062572543,0.286612975,0.883600984,0.918728956,0.952953849,0.850004532,0.955312372
100425,0.050476608,0.190161945,0.239453723,0.265436671,0.967047001,0.232057855,0.983664757
101493,0.03581834,0.880449958,0.250195948,0.317797538,0.998593002,0.972585503,0.998780651
100010,0.210775734,0.409089611,0.655244169,0.71597638,0.987178864,0.781031288,0.990536199
100756,0.084078789,0.221274239,0.456440563,0.542841484,0.972917891,0.90425546,0.99788764
100303,0.132394548,0.55896906,0.570191547,0.648874521,0.951040695,0.973345269,0.995558857
101585,0.447227179,0.699639802,0.734887651,0.778687509,0.991746031,0.880340001,0.99608292
100087,0.271629808,0.652243652,0.833368707,0.893241164,0.997522376,0.984902803,0.997419643
100380,0.010865242,0.067194932,0.120226389,0.153754901,0.97425664,0.97698069,0.999514834
101320,0.061218789,0.778656199,0.323757095,0.393522606,0.90632985,0.086955167,0.986738725
100908,0.31857501,0.657498719,0.7627482,0.819935918,0.989775127,0.957087086,0.997292164
101283,0.366952395,0.999555022,0.703141052,0.692415586,0.946000041,0.825761019,0.789449306
101108,0.064257704,0.698629629,0.327304342,0.406186491,0.49681362,0.679892984,0.66848475
100586,0.077786359,-0.001075566,0.874983825,0.918336645,0.969416005,0.937200092,0.981391153
100444,0.26236966,0.600614545,0.663031341,0.734396988,0.993397895,0.975699368,0.998116292
100375,0.942710248,0.980361375,0.982762826,0.983600539,0.985986555,0.981455517,0.992048542
100854,0.15346412,0.377579668,0.415866997,0.495129913,0.996722056,0.987867324,0.998814096
101611,0.778441224,0.892247986,0.925494074,0.935416434,0.947208564,0.87676852,0.950849343
100635,-0.013536002,0.020482334,0.079850608,0.108189094,0.952921409,0.898483318,0.997712294
100597,0.000883049,0.245161401,0.250536066,0.318844424,0.994470016,0.995319608,0.997189726
100198,0.090172136,0.311785735,0.384339114,0.452319682,0.98956887,0.996333076,0.998945835
101391,-0.018081432,0.064197131,0.157002725,0.204453346,0.962299972,0.961000482,0.998863806
100658,0.469169795,0.567897169,0.747632649,0.82470522,0.979233972,0.654686985,0.990280463
101383,0.585070831,0.625498453,0.961442053,0.975612133,0.993728636,0.95446248,0.995649028
100507,0.25336541,0.486440594,0.485871187,0.523049264,0.535195881,0.650870241,0.98140134
101678,0.315347821,0.603522846,0.601522787,0.645452,0.967425724,0.906976629,0.996243102
101156,0.730092552,0.834631439,0.946923248,0.956372737,0.976824151,0.926357739,0.986641664
101638,0.023806118,0.0841322,0.129076763,0.15884157,0.810131022,0.775734649,0.993843555
100340,0.036327834,0.1887124,0.349361358,0.426186561,0.994965681,0.996307379,0.997815543
101647,0.297368711,0.457669534,0.803376226,0.874250227,0.992043487,0.988862637,0.992816786
100310,0.681780062,0.911003288,0.943074551,0.95135817,0.972606064,0.931131146,0.969455049
100504,0.436476823,0.628564979,0.792054983,0.81696283,0.494532175,0.453631749,0.985153506
100391,0.615014349,0.830723096,0.96329067,0.974792094,0.989455032,0.946805523,0.989685478
101408,0.223424155,0.399188117,0.757688655,0.826477225,0.991491977,0.868077436,0.992595593
100498,0.025312168,0.137563121,0.580290372,0.6911899,0.991666409,0.025912471,0.996827628
100731,0.591737436,0.764988718,0.87436988,0.894574639,0.946093528,0.863292275,0.970141495
100033,0.166121175,0.591615351,0.609005881,0.679108638,0.836901207,0.922592456,0.999070083
101207,0.014827344,0.565788397,0.22485642,0.28561837,0.99686554,0.999053052,0.999548144
101443,0.28923121,0.509558235,0.723800193,0.794945544,0.982438437,0.966422708,0.992214936
101532,0.091448344,0.623433083,0.377898082,0.475713126,0.449061082,0.54369928,0.325061586
101597,0.105810368,0.291318506,0.491254204,0.566953478,0.890641641,0.790318943,0.997775681
101533,0.046691359,0.75706534,0.258614004,0.328412868,0.70828677,0.567221023,0.754212945
101556,0.291677965,0.342763937,0.923930061,0.954466015,0.979135516,0.292814978,0.987147441
100840,0.565753235,0.80214507,0.911738683,0.933174925,0.974957664,0.90024738,0.979687395
100549,0.485186351,0.631709495,0.915383551,0.928586828,0.960073128,0.939522358,0.95342311
101645,0.148793775,0.316534123,0.431176965,0.509006792,0.994990487,0.994344943,0.99786583
100320,0.69836505,0.871598318,0.970269542,0.976036027,0.983617794,0.962483568,0.985468639
101301,0.604551573,0.73285539,0.774346398,0.816666121,0.987596645,0.93025518,0.990180964
100839,0.012101947,0.790360461,0.198350095,0.254727291,0.994497963,0.982349475,0.999635991
101470,0.221920734,0.460212849,0.887813655,0.921908826,0.979454511,0.224284749,0.982684148
100503,0.542840396,0.78888155,0.940817594,0.959935508,0.987751793,0.929224973,0.986476216
101294,0.769274289,0.935754532,0.977055827,0.981052295,0.985720581,0.970743974,0.990674024
101389,0.528473237,0.807115784,0.872040189,0.900856357,0.977147891,0.924518363,0.983381303
100912,0.594640412,0.82678602,0.940115771,0.954190922,0.982658306,0.944902682,0.988983822
100287,0.03292881,0.165342333,0.326728186,0.40282915,0.997743814,0.958823287,0.997963752
101522,0.131300434,0.505227092,0.545616972,0.649638752,0.987661569,0.94613033,0.996278817
101396,0.227838313,0.226273229,0.910713705,0.939711196,0.967910537,0.236751576,0.965721909
101151,0.871119792,0.916431187,0.962312113,0.96906207,0.97662039,0.882529854,0.987016131
100023,0.135167538,0.316739792,0.449136719,0.512833954,0.856722779,0.893734272,0.998053142
101135,0.00264467,0.065384315,0.113237176,0.147081916,0.730249185,0.744428047,0.967634285
101711,0.11341365,0.522555082,0.29658718,0.371798107,0.577842214,0.169058788,0.879166377
101526,-0.031890785,0.110542836,0.187967976,0.241761412,0.996364087,0.991237898,0.997698262
101754,0.253345876,0.522993096,0.814512871,0.888253255,0.995487567,0.991336213,0.997349462
100998,0.08470848,0.263450502,0.420664065,0.511709367,0.956910276,0.94633063,0.995638139
100247,0.148563898,0.36515516,0.524510153,0.610398021,0.995334721,0.980622714,0.99872753
100726,0.412090898,0.649388577,0.842935425,0.898340603,0.97650872,0.879026346,0.973675484
100556,0.042805817,0.813211048,0.264694019,0.328606296,0.955519803,0.949491036,0.994358446
100623,0.204278855,0.751686991,0.77706355,0.858865119,0.993031828,0.923361935,0.997828991
100793,0.262748138,0.258775808,0.490957191,0.571771647,0.989358759,0.475658741,0.990233926
101714,0.179786134,0.396097002,0.417525146,0.486020079,0.966272759,0.86977321,0.997591518
100093,0.535000511,0.739728927,0.938042039,0.959523193,0.989246738,0.99446086,0.994817179
100378,0.050167475,0.225898121,0.505846992,0.602500453,0.99583169,0.950199713,0.995523229
101224,0.454022278,0.834468841,0.919224728,0.943463766,0.975632445,0.925656846,0.994730102
100299,0.286834223,0.477219113,0.843668812,0.903859965,0.996743546,0.95167572,0.997729825
100909,0.564787696,0.877836982,0.941629246,0.953919341,0.982793245,0.951963331,0.997879713
101044,0.430022866,0.688502019,0.869176566,0.918575244,0.990601102,0.993783253,0.994163638
100511,0.12604386,0.322619879,0.573297316,0.672480186,0.992104182,0.970124751,0.994496575
100795,0.058300403,0.192978559,0.482651319,0.592003679,0.995296787,0.975720064,0.995118209
101251,0.078628607,0.22558884,0.7661992,0.842787542,0.971733752,0.979184833,0.985449156
100562,-0.008848126,0.106849869,0.209338151,0.240882674,0.994370345,0.956187116,0.992223922
100351,0.10699581,0.887346571,0.380483087,0.454230702,0.472792288,0.885262866,0.988976897
101249,0.167181205,0.549143037,0.619207613,0.717684723,0.996642329,0.959262335,0.997030264
100806,0.433263869,0.72710259,0.772438151,0.82340472,0.992488788,0.928514489,0.994986394
101710,0.057729529,0.870632827,0.254638373,0.321463815,0.714446721,0.93023662,0.944105745
100348,0.070737956,0.246146859,0.385634569,0.460767565,0.996606773,0.958540105,0.998837691
101644,0.016232024,0.164875789,0.319415126,0.388066962,0.996821608,0.97842942,0.996861421
101382,0.196759434,0.393511289,0.500716411,0.580078526,0.748891064,0.608112906,0.998807669
101668,0.178014985,0.331321449,0.644759867,0.729928075,0.984750708,0.935131296,0.997130091
100874,0.748611221,0.901239418,0.964679772,0.973318861,0.979892164,0.970229025,0.980814581
101421,0.047043896,0.094015777,0.3721853,0.412582968,0.962303838,0.871861865,0.967440103
101414,0.162875298,0.308482235,0.50624879,0.613835846,0.801437986,0.781883923,0.997519261
101114,0.136908878,0.351329088,0.643940173,0.730678055,0.99743374,0.984070489,0.997451969
101369,0.261017895,0.342366577,0.777847489,0.827302171,0.362196392,0.291765224,0.995744743
101475,0.668191834,0.811138474,0.950551064,0.956837145,0.960859349,0.961459926,0.978711063
101502,0.902782974,0.962026789,0.984100753,0.984910237,0.985134118,0.983965976,0.988336859
100163,0.035616227,0.636486457,0.193904745,0.242620598,0.899149342,0.982478835,0.996930878
100799,0.584443652,0.73571626,0.825589233,0.837642989,0.946890911,0.599545863,0.950258442
100092,0.104081826,0.349548214,0.520415575,0.613734194,0.997925588,0.952141768,0.998270485
100656,0.555896825,0.754156974,0.927653783,0.949509794,0.968931358,0.90489166,0.979609738
101608,0.576020708,0.812251572,0.944140869,0.969242654,0.996499574,0.993740086,0.998214513
100984,0.225767151,0.465012448,0.527351226,0.607142198,0.931828999,0.77268569,0.995506314
100396,0.003791077,0.04818328,0.260143708,0.321464717,0.9276471,0.006179672,0.998389381
100853,0.04144079,0.197943831,0.369812881,0.450780423,0.997750204,0.962939383,0.998023933
100384,0.667949176,0.613499035,0.927371114,0.943361453,0.974663941,0.929444911,0.967193104
101256,0.111399968,0.259773905,0.483069222,0.570409516,0.99705571,0.876761119,0.996244067
100224,0.546498316,0.61213619,0.876205342,0.923052249,0.977596184,0.54957697,0.986321742
100191,0.10475469,0.165847821,0.283027512,0.356551045,0.983244542,0.940886676,0.996263212
100631,0.806392931,0.936248292,0.973574201,0.977838332,0.980815161,0.985902696,0.990197428
100018,0.134643026,0.701523703,0.40550782,0.486742573,0.931337754,0.16742386,0.970223852
101047,0.168180218,0.357456579,0.664872536,0.744045303,0.983671138,0.896794729,0.990180946
100714,0.152400192,0.308783208,0.496368457,0.596440696,0.959538781,0.881475525,0.997368657
100015,0.031739127,0.032701146,0.556684881,0.64122961,0.983679187,0.034052683,0.989841813
100740,0.197071885,0.418868298,0.632491701,0.710372568,0.996199011,0.798834904,0.99574451
101358,-0.162474752,-0.131683028,0.77377648,0.838850742,0.96154099,0.767989283,0.976397883
101562,0.32182036,0.56504532,0.686406203,0.760146371,0.985287727,0.963451198,0.99382894
100515,0.018159667,0.134403835,0.127438813,0.160402624,0.938706504,0.912963049,0.99886259
101099,0.080227468,0.660796936,0.513635421,0.619322719,0.96773047,0.834120144,0.998867864
100402,0.038009909,0.302499706,0.378666437,0.419502552,0.994346786,0.412329507,0.995971252
100083,0.174986244,0.534993891,0.655741713,0.728131973,0.982000466,0.95754935,0.982100864
100581,0.15117735,0.310417317,0.489176423,0.568000645,0.865995575,0.54524301,0.997833453
100409,0.765582035,0.731541643,0.933564986,0.943562533,0.968688236,0.940434952,0.97739968
101435,0.022612369,0.411009124,0.536516441,0.602034133,0.940621484,0.025031561,0.988840409
100884,0.016013945,0.75353618,0.143020262,0.18251333,0.959156875,0.978999818,0.998570169
101505,0.213762026,0.19977516,0.566232212,0.647496241,0.978718457,0.202125815,0.990981769
100911,0.446180492,0.720514792,0.789100127,0.850116412,0.984018815,0.97262952,0.99483569
100393,0.051838069,0.151035143,0.330532385,0.411452853,0.979297876,0.967528441,0.998477159
101145,0.5587991,0.325553613,0.743498307,0.778465188,0.935048578,0.585171733,0.954902714
101319,0.620136059,0.848582398,0.935989266,0.958847912,0.978042282,0.755907498,0.992717651
100551,0.070495982,0.764116428,0.342753971,0.418880675,0.891161958,0.876338099,0.994787276
100787,0.039011009,0.278308922,0.318450723,0.399166776,0.995794852,0.993283118,0.99947175
100501,0.078645873,0.243805643,0.422537306,0.482197595,0.993291408,0.497435568,0.996333846
101549,0.20090624,0.279830935,0.333700283,0.369782299,0.96971027,0.820836805,0.990883104
100721,0.093943012,0.213144916,0.410652095,0.506437573,0.998973039,0.990745113,0.999492769
101433,0.230418108,0.764737096,0.752667264,0.81382992,0.976004445,0.870185569,0.972892181
100930,0.086072472,0.349148976,0.744010359,0.81008163,0.97957029,0.089328245,0.973210997
100491,0.128498238,0.366876446,0.486922405,0.568976281,0.996219603,0.980781924,0.99555693
100086,0.852938448,0.83481179,0.96489912,0.976566695,0.985814468,0.878514675,0.993623106
101199,0.341745656,0.637737497,0.865977716,0.902118332,0.987847137,0.92920507,0.991351741
101733,0.169654716,0.54447817,0.621263125,0.688875927,0.680840089,0.80180269,0.983453349
100240,0.363048403,0.593774364,0.760638368,0.799616792,0.98230878,0.888120198,0.993683562
100149,0.801639358,0.841254835,0.95921134,0.965779837,0.970665005,0.869401143,0.978812613
100537,0.099266691,0.256505457,0.279138603,0.329514738,0.993821075,0.957562153,0.993757162
101481,0.317942326,0.798123651,0.836525054,0.874304451,0.953354161,0.955109881,0.991267977
100156,0.266453226,0.469191149,0.739207129,0.805708967,0.958346204,0.789230243,0.995771528
101088,0.773963228,0.923377963,0.946773257,0.956731503,0.978078619,0.941628296,0.980015445
100894,0.034748431,0.160932293,0.280507351,0.350849703,0.995048942,0.996838943,0.99919408
101192,0.176522239,0.416856822,0.90511072,0.938289462,0.973466537,0.185676792,0.981490839
101162,0.073419001,0.247161299,0.527259399,0.636301723,0.993333343,0.987362102,0.99786067
101449,0.19325088,0.37522864,0.613171537,0.685618878,0.991810282,0.870433167,0.996301392
101428,0.10064571,0.333838761,0.680923186,0.756849317,0.987861868,0.700462539,0.984963539
100008,0.816243794,0.891026309,0.965643625,0.972103455,0.980839069,0.989364208,0.988457998
101633,0.49998156,0.732588809,0.913209534,0.944836916,0.98119395,0.923079598,0.990978994
100099,0.168220496,0.518231026,0.557269306,0.655336799,0.671263792,0.532541061,0.994692031
101377,0.072653189,0.008313349,0.803447427,0.876693168,0.980395463,0.936883607,0.982221169
100059,0.35996127,0.747747765,0.630284544,0.668889643,0.880304722,0.923413469,0.990812343
101118,0.020437082,0.736244209,0.29022162,0.370907321,0.477409496,0.020413851,0.988789026
100785,0.060933547,0.88859612,0.250093213,0.310773636,0.99954346,0.947260314,0.997516983
100956,0.418172906,0.780104884,0.930635046,0.955307787,0.993571195,0.983033575,0.995942738
101674,0.469533435,0.846627843,0.94139681,0.965450406,0.995448226,0.976607823,0.996687662
100039,0.599076969,0.91924598,0.959804395,0.976752941,0.99378078,0.933330865,0.995003509
100132,0.231712096,0.245548007,0.329875268,0.381714598,0.441492992,0.36902469,0.966519447
100298,0.527255497,0.736005365,0.950030625,0.969115534,0.995011039,0.970664329,0.992135343
101040,0.092732294,0.28635188,0.430704345,0.497199087,0.721165134,0.691687343,0.996940017
100554,0.09327048,0.287050787,0.567702909,0.671394407,0.982412638,0.967265438,0.990827546
100407,0.242118853,0.271764094,0.557873663,0.635114377,0.979025902,0.773614339,0.958599732
101087,0.21410695,0.279952109,0.736287896,0.817320193,0.991342234,0.983916186,0.996750828
101140,0.011640394,0.179740008,0.410464028,0.500614807,0.98705493,0.746922062,0.996375156
101622,0.022403301,0.091883163,0.145619363,0.181834308,0.99502966,0.999383709,0.999093515
100614,0.104231607,0.286500016,0.754276444,0.845205387,0.992702209,0.994427933,0.99531792
100899,0.151841367,0.295776864,0.427433832,0.464043947,0.950213701,0.53827698,0.992736896
100518,0.781956794,0.941653843,0.984591456,0.987804854,0.99427497,0.99135827,0.989502638
100227,0.729205879,0.764261881,0.943991753,0.960607853,0.977812299,0.984786421,0.987548994
101362,0.097998754,0.84112123,0.389110604,0.460763128,0.999313859,0.998662732,0.998900179
100479,0.323177057,0.656980396,0.762694365,0.81621134,0.990501044,0.980056072,0.995587596
101424,0.681495885,0.881791952,0.96613492,0.976045672,0.983437901,0.972755225,0.98326693
100153,0.58384685,0.756473913,0.942599583,0.965094603,0.992660638,0.975538898,0.991447151
100657,0.114518631,0.383401481,0.509876086,0.599163466,0.84983618,0.779771,0.998459796
101046,0.213683073,0.445206324,0.772875068,0.848301114,0.983848779,0.952074542,0.987745754
101402,0.087711537,0.241971826,0.3694276,0.447652598,0.994699307,0.957103633,0.998071698
101271,0.206501759,0.57994581,0.717154123,0.774953759,0.934750281,0.968930973,0.994885553
101573,0.084854071,0.123845791,0.32131543,0.383242453,0.389644463,0.401172107,0.994619271
101525,0.243079466,0.50090349,0.688272902,0.768606057,0.981684259,0.9637537,0.999066728
101361,-0.000191599,0.029226536,0.119980826,0.157210713,0.221921494,-0.000595444,0.88745772
100705,0.197617095,0.407120539,0.782710231,0.85349972,0.991879267,0.964887483,0.993627299
101200,0.062452418,0.102563642,0.218414597,0.28494307,0.64969973,0.067021543,0.991705561
101141,0.129262211,0.428055178,0.520108302,0.607561857,0.984150948,0.654152768,0.994884406
101119,0.043775968,0.191343891,0.336596595,0.388015587,0.95018378,0.573246701,0.993555672
100487,0.247057749,0.432851514,0.585514263,0.644269898,0.97900039,0.529334193,0.990965523
100233,0.117665824,0.130501539,0.620096596,0.733013037,0.246370548,0.131101004,0.897297038
100364,0.047338674,0.237982273,0.418422722,0.503769726,0.965599372,0.944299439,0.997235335
100555,0.009462573,0.080641028,0.140898152,0.181020388,0.177910234,0.01272857,0.976441354
101554,0.109229199,0.331931738,0.476322886,0.539305436,0.961541336,0.432470851,0.992123143
101079,0.530329916,0.798568355,0.884616036,0.91025214,0.984648113,0.832899134,0.990196187
100323,0.042314185,0.154768053,0.60561544,0.709208882,0.99174257,0.931135618,0.989965688
101640,0.131430809,0.392471929,0.781369439,0.857955238,0.989953228,0.965544344,0.99707844
101655,0.144162568,0.385324327,0.517098784,0.592230027,0.887499534,0.92417036,0.99833835
100200,0.011393366,0.150548756,0.208747822,0.268495699,0.919713198,0.880667589,0.998619378
100847,0.068870671,0.220655629,0.401747173,0.482612257,0.995051854,0.981542544,0.998595481
100235,0.184688324,0.451095476,0.673908721,0.734084473,0.975793034,0.76178785,0.986560698
100693,0.117532615,0.213743176,0.681068069,0.775575738,0.986636353,0.970093335,0.994352036
101683,0.106000105,0.296896902,0.413436167,0.488955943,0.996986999,0.991590726,0.998252816
100751,0.051150516,0.163449126,0.50752226,0.617052049,0.98036587,0.965943862,0.992567302
101760,0.051991716,0.232701363,0.324946191,0.401635084,0.982634985,0.989238462,0.998206759
100305,0.150991786,0.315360596,0.427107157,0.46669709,0.398326327,0.412145222,0.98435068
101771,0.42585635,0.807918746,0.812263907,0.869923132,0.843691553,0.750789098,0.994739699
100138,0.163691577,0.413358698,0.74443977,0.807696695,0.974249928,0.920830365,0.995219699
100257,0.532235473,0.712151828,0.939185303,0.959705789,0.984835615,0.964595456,0.993123717
100208,-0.000592301,0.139038068,0.271258887,0.339613329,0.407978839,0.993522096,0.918527
101413,0.131233097,0.376656463,0.595577719,0.670324817,0.917390211,0.170516363,0.993927928
101304,0.090022921,0.801608058,0.315528834,0.366259127,0.715734749,0.93942953,0.936229417
100450,0.038620394,0.126744043,0.465340209,0.566331311,0.958357851,0.890093081,0.971782518
100066,0.187241645,0.364906608,0.583603099,0.658794332,0.989808771,0.749803435,0.991875732
100533,0.615624606,0.894175743,0.932111071,0.952008677,0.981550254,0.929245057,0.976229449
100389,0.933376041,0.92626376,0.966250691,0.966807791,0.969699003,0.936704924,0.971759348
100050,0.260602191,0.874907334,0.680132412,0.716002833,0.976596544,0.955382903,0.999742792
101454,-0.004103553,0.135598149,0.251353704,0.320807057,0.99389221,0.994657359,0.99848092
101160,0.136307503,0.182935339,0.359626171,0.395303309,0.678807726,0.170713621,0.992165269
101670,-0.030506449,0.128197455,0.384193278,0.473942027,0.982364463,0.989350641,0.994027375
101685,0.267749485,0.622365481,0.645989337,0.706527061,0.689013324,0.745108956,0.987297184
101337,0.022334619,0.12239477,0.191804673,0.239909141,0.970172338,0.994399453,0.998586451
100728,0.096018075,0.250839776,0.401837171,0.494061285,0.991622599,0.956723042,0.987503866
100538,0.017305051,0.168508072,0.320268413,0.385447232,0.997076425,0.988253674,0.998048481
101346,0.392994456,0.601953086,0.937971051,0.961822742,0.976446756,0.961988806,0.984975112
101458,0.144461607,0.32376469,0.493594056,0.594705469,0.987683053,0.99491856,0.999439496
101787,0.192352884,0.548434556,0.658859981,0.730755456,0.986782891,0.970615017,0.987079787
101628,0.61544908,0.743203065,0.945753273,0.965734054,0.987716839,0.97616347,0.989252922
101017,0.310508545,0.560897895,0.852312744,0.905483441,0.978848657,0.900130831,0.982368499
100307,0.081171482,0.507329469,0.338632683,0.428845916,0.84360077,0.062879298,0.998575919
101366,0.371929312,0.324993013,0.873948209,0.905412276,0.944665345,0.920753024,0.960161845
100810,0.356901757,0.717752494,0.670343593,0.684021818,0.973488294,0.685863122,0.992566921
100082,0.26065963,0.476337527,0.667326013,0.752285668,0.966683272,0.934461385,0.99060279
101392,0.291366657,0.524526616,0.896716537,0.938045327,0.987211342,0.948071302,0.990480117
100127,0.121832155,0.491912841,0.488870387,0.577300097,0.990588451,0.96523586,0.998788461
101149,0.219946036,0.365806364,0.644507277,0.744214016,0.983671003,0.984575583,0.991578362
100966,0.535892458,0.853396092,0.960010641,0.970695354,0.985937353,0.955974721,0.990682399
101298,0.00932651,0.125435105,0.313562434,0.399031137,0.997765155,0.987712977,0.999373519
100617,0.130803127,0.140451612,0.625855862,0.730507569,0.156015724,0.142373603,0.85759365
100732,0.382209629,0.561722874,0.668574756,0.696346797,0.982260142,0.72970313,0.976529431
101363,0.134763468,0.374425458,0.518567948,0.575699854,0.989115257,0.69040923,0.99681349
100683,0.090669209,0.287473712,0.481160227,0.569804161,0.960727508,0.895584845,0.997830714
101456,0.111636724,0.923652302,0.413742502,0.476705423,0.901227478,0.848700118,0.995931304
100435,0.469396441,0.759194982,0.741084561,0.773437792,0.839717892,0.663553107,0.998597476
100774,0.545837137,0.927034796,0.874933208,0.898842229,0.919774952,0.81791225,0.993800562
100432,0.431623853,0.54849489,0.846561131,0.863119888,0.864380655,0.844647687,0.990824453
100961,0.614068994,0.886688911,0.912883598,0.915689044,0.91338396,0.919532756,0.992227286
101736,0.71781255,0.953228125,0.967972804,0.97020988,0.958301425,0.951860633,0.99178058
100107,0.362215819,0.523118967,0.839445452,0.901017164,0.979816103,0.966629876,0.983230468
101735,0.034227945,0.121249679,0.227608961,0.281722366,0.289134146,0.245894379,0.984403684
100917,0.145269309,0.34793028,0.637257118,0.742279215,0.991397904,0.983404523,0.995275061
100995,0.057848094,0.289100718,0.283308867,0.355967862,0.989909607,0.977665721,0.997548633
101487,0.20272134,0.284627607,0.652643411,0.739290356,0.985412391,0.935485152,0.992544271
100673,0.006767495,0.134752222,0.274316105,0.344174745,0.997754495,0.971225141,0.994390586
100937,-0.000748698,0.054107871,0.120460608,0.154633142,0.983698814,0.978072807,0.999286521
101335,-0.003446924,0.141417605,0.46719973,0.564772943,0.991464369,0.993089005,0.996033581
100294,0.039274178,0.740516141,0.211556163,0.272473571,0.892548667,0.940224837,0.471286337
100055,0.060950161,0.214659774,0.558527177,0.657323731,0.98295407,0.939504802,0.992161644
100895,0.029988093,0.722980079,0.185897712,0.238916476,0.967232308,0.967569714,0.996532945
100569,0.110854056,0.286513803,0.676069767,0.773289876,0.997087552,0.948349281,0.997879661
100591,0.047111869,0.171708647,0.244906452,0.302396175,0.99823802,0.943389135,0.994467197
100110,0.028559632,0.138524036,0.191660724,0.237223267,0.9608995,0.931836662,0.998411725
101005,0.109786079,0.355940376,0.600045366,0.67553377,0.99192157,0.951166495,0.995222037
101061,0.073273108,0.227709255,0.325884302,0.399384913,0.997086537,0.993669185,0.999210696
100056,0.576143725,0.93522181,0.55224315,0.595426632,0.442053044,0.436373434,0.697776544
100671,0.12312477,0.327648281,0.531925049,0.621116939,0.864268856,0.897756864,0.994782398
101078,0.372856776,0.61348168,0.907955545,0.935853054,0.976916008,0.965787271,0.978929102
101218,0.142330925,0.385569856,0.5093056,0.583441705,0.994877513,0.969221873,0.997112911
101334,0.028904089,0.085462027,0.161516617,0.207449499,0.590633549,0.80911273,0.99888166
100210,-0.006237415,0.175289043,0.373381419,0.464341906,0.969793383,0.972977534,0.992937889
101534,0.232495166,0.439084516,0.548909877,0.615262812,0.966404814,0.57330827,0.996213685
101281,0.040892452,0.762310434,0.206485063,0.261095415,0.71530203,0.859672547,0.951923552
101539,0.000360493,0.733819753,0.091326408,0.121093441,0.218151302,0.917353034,0.569220183
100711,0.226972648,0.401902281,0.694801604,0.784670776,0.955720331,0.909345688,0.998339699
101462,0.107802863,0.319165609,0.748436623,0.837671419,0.9958485,0.949987852,0.994613324
101569,0.5065482,0.741947373,0.941543529,0.955131066,0.96734672,0.954579715,0.966977173
100509,0.394959468,0.740498855,0.782215589,0.80981872,0.811147609,0.884123683,0.991685143
100816,0.112246585,0.343832692,0.58836284,0.689597229,0.99514397,0.968142428,0.997453042
101351,0.761065859,0.753281231,0.963587652,0.973145371,0.98905787,0.73936145,0.987435272
100933,0.068202559,0.863790088,0.264066677,0.321810218,0.860546974,0.934606999,0.998364071
101345,0.158086048,0.312199546,0.622293619,0.716536091,0.990772467,0.963269328,0.991700427
101365,0.038956496,0.67744173,0.208650721,0.268479189,0.900598058,0.995208296,0.99807459
101580,0.35155852,0.550090378,0.803687856,0.86781156,0.981488933,0.872606053,0.977236022
100923,-0.006574992,0.229327526,0.501609432,0.599789692,0.994636442,0.968386859,0.995400053
100662,0.183867528,0.436775117,0.710860457,0.763962254,0.991893083,0.74091967,0.994644213
100032,0.151384776,0.277565916,0.517041899,0.589707955,0.995708592,0.937069027,0.991712743
100694,0.197862815,0.453494344,0.554250807,0.617116421,0.949696891,0.510132475,0.97048689
101724,0.518668809,0.62353695,0.800455218,0.83972005,0.839262532,0.77525032,0.997604309
100477,0.057112647,0.823638552,0.408771726,0.479816964,0.799526815,0.597697604,0.98777682
101042,0.195951804,0.459429264,0.635952387,0.714755243,0.997930883,0.994575047,0.999091809
100295,0.16308187,0.910628573,0.66445998,0.727532594,0.859233219,0.747087817,0.43317556
101662,0.007897932,0.30015373,0.563375906,0.646432351,0.918390676,0.842320045,0.943005073
101001,0.164470208,0.419068019,0.756652561,0.837361625,0.994460698,0.944291995,0.993545038
101492,0.060244538,0.864663821,0.281449444,0.356407984,0.961962194,0.895122668,0.997211374
100967,0.695336332,0.776274002,0.889612443,0.919969971,0.974618205,0.802594,0.98734734
101657,-0.007281816,-0.008920202,0.194597048,0.242788542,0.086887082,-0.001200451,0.909614029
100924,0.119267558,0.251910532,0.540597871,0.582125232,0.888184057,0.667088396,0.977595433
101596,0.796220763,0.946452733,0.988272552,0.991207665,0.996875213,0.981304713,0.99717134
100690,0.487682852,0.584406306,0.875888937,0.906562631,0.94520305,0.797247295,0.973721186
100781,0.033120643,0.139901915,0.237748917,0.297644673,0.994425669,0.981311806,0.998963985
101658,0.350320801,0.793015512,0.793793782,0.867793678,0.988653243,0.516134331,0.991616426
101721,0.057704477,0.209747971,0.324071324,0.38806652,0.918033306,0.660430384,0.998218529
101359,0.019456065,0.813436733,0.140188455,0.181514597,0.999526454,0.921398422,0.99705221
100863,0.406033274,0.331451842,0.587629458,0.66926921,0.985664669,0.40416795,0.984178474
100341,0.049120975,0.761083489,0.271954428,0.340592935,0.829400997,0.982451981,0.992140183
101691,0.791779646,0.926255798,0.950540065,0.956543227,0.959806747,0.939065348,0.968359051
100687,0.07871858,0.065173635,0.716094221,0.795883314,0.984249924,0.98507569,0.989498769
100696,0.455037849,0.722148029,0.826896256,0.872025874,0.984915952,0.934417563,0.99516174
100797,0.149015163,0.389501369,0.547487856,0.630220078,0.979240131,0.877529842,0.990528259
101490,0.073007131,0.220017084,0.360928305,0.446174773,0.995148678,0.989293157,0.998847934
100333,0.106110788,0.227954666,0.367996199,0.42949919,0.982914914,0.995754317,0.998586052
101431,0.061012211,0.196638283,0.322128187,0.378281027,0.69717372,0.712370441,0.98899849
100944,0.122800583,0.353350512,0.487264614,0.579828823,0.99469073,0.963008597,0.999495002
100648,0.019364814,0.166378688,0.344465983,0.424378492,0.898854096,0.948272127,0.981345913
100126,0.055525979,0.734234857,0.362663519,0.456741533,0.857958449,0.940067791,0.99922627
100160,0.056862585,0.23608614,0.294042592,0.367866827,0.967211047,0.897061645,0.997918846
100619,0.841265666,0.933239955,0.963211265,0.964585933,0.963733258,0.970235305,0.970133807
101352,0.079268222,0.331942469,0.502788618,0.584053058,0.995339764,0.912056743,0.996736431
100804,0.095355852,0.249404704,0.3751611,0.432645291,0.847816764,0.748007002,0.998875529
101692,-0.01403308,0.219356446,0.26194599,0.337632432,0.996113615,0.995441386,0.998181914
101247,0.234415696,0.499547616,0.633679378,0.699905734,0.983813914,0.823078658,0.993840791
100653,0.10597287,0.320428016,0.388184945,0.452176738,0.433039384,0.641673013,0.351210354
100812,0.086489382,0.35186974,0.657929936,0.740221014,0.995584216,0.848735118,0.998097465
101188,0.026096051,0.126060887,0.221515358,0.277137364,0.862775907,0.045579358,0.988488725
101385,0.320755526,0.608905544,0.805931149,0.867151343,0.981081822,0.969956504,0.997570212
100637,0.222930359,0.675907949,0.772331312,0.846805333,0.987670997,0.972601772,0.992142213
100102,0.908642645,0.926416125,0.944876918,0.952146291,0.931902806,0.927756983,0.972235074
101698,0.147260044,0.449152871,0.707884162,0.792277585,0.996623093,0.969153634,0.998327853
100766,0.012420967,0.629231572,0.120550014,0.156784901,0.545045261,0.875875381,0.993535004
101094,0.543944893,0.788529763,0.965031255,0.975278215,0.984017141,0.958564496,0.985399392
100058,0.002708832,0.09112992,0.103434422,0.136036298,0.914412288,0.84709364,0.994771645
101137,0.111260185,0.288071349,0.412677254,0.502343696,0.953660512,0.425322467,0.993657896
100271,0.40118657,0.64744567,0.809507966,0.824135845,0.953324587,0.767262804,0.999595666
101606,0.03269928,0.582005437,0.42707393,0.523335007,0.871104455,0.788085622,0.986405244
101545,0.121502188,0.296459986,0.320800904,0.370480924,0.969865677,0.957236609,0.997257048
100663,0.044487898,0.238946309,0.238780759,0.301914544,0.761784125,0.89930224,0.999119276
101690,0.813696334,0.923491558,0.975704856,0.979036667,0.984245705,0.971671263,0.990865937
100669,0.044583934,0.163813888,0.243106766,0.297399904,0.76898449,0.97292448,0.953029657
100679,0.260036328,0.496283539,0.764497826,0.8358808,0.995969546,0.981930604,0.999024807
101601,0.445088442,0.81521665,0.909585902,0.934749674,0.98620437,0.902050592,0.996284238
100599,0.824879165,0.927634301,0.95164839,0.955640761,0.959655696,0.905344228,0.967906168
100400,0.272703396,0.316396509,0.73145284,0.798747804,0.964405086,0.263971127,0.985289557
101415,0.159074125,0.439470993,0.762544333,0.837216939,0.987706585,0.909015117,0.994071753
100220,0.042412163,0.209862967,0.307324995,0.381496227,0.840413344,0.661025321,0.997265264
100770,0.018275641,0.716527946,0.135057906,0.176735363,0.50273291,0.778066474,0.399497064
101637,0.613171002,0.823883258,0.919591646,0.941764049,0.974967317,0.960057122,0.975318826
100860,0.599039178,0.821444261,0.906301276,0.920477559,0.986344031,0.93533862,0.995244025
100943,0.485408027,0.807774012,0.879495091,0.912236404,0.993499824,0.978835586,0.997382123
100664,0.086659705,0.77807486,0.288204127,0.358992859,0.808904668,0.933471221,0.966076633
100997,0.068694842,0.2772714,0.329344659,0.412501184,0.947787385,0.746011819,0.995244682
101333,0.021214961,0.110916183,0.146487949,0.181677305,0.850497555,0.803061408,0.990416458
100953,0.95708548,0.974332229,0.986699816,0.987653541,0.988453455,0.989668433,0.990347125
100557,0.305078711,0.668035484,0.713248592,0.759923097,0.984180789,0.893105663,0.995200448
101726,0.056038319,0.81224162,0.227809387,0.26617041,0.822246342,0.444272782,0.985345966
100434,0.008632769,0.15663552,0.164538932,0.212978553,0.885720716,0.956271308,0.996865844
101182,0.815865473,0.906679144,0.9684303,0.971749125,0.975905097,0.979429641,0.982325115
100494,0.771310962,0.857899988,0.975587733,0.978815828,0.958405842,0.926706724,0.984598791
100260,0.113055177,0.387028721,0.493898093,0.572907488,0.876191046,0.912046108,0.995630071
101076,0.109582353,0.359770483,0.556108914,0.639423494,0.986923063,0.992682013,0.992502734
100142,0.227114783,0.409047762,0.667652933,0.756088187,0.995872594,0.948265136,0.998540633
101284,0.081694233,0.38377006,0.610238636,0.701621014,0.99431639,0.943281417,0.994077232
101441,0.126020346,0.288320831,0.390069647,0.470701322,0.948971561,0.295190971,0.985046331
100325,0.06308432,0.446902506,0.285970732,0.319467823,0.994751432,0.258203175,0.98020191
100030,0.155188577,0.88704615,0.447470438,0.499672357,0.991401757,0.981639939,0.995088246
100297,0.645465778,0.754533401,0.966494854,0.971593478,0.979425515,0.639118707,0.972356038
101085,0.491267238,0.639362929,0.928932045,0.936514499,0.961920698,0.496003557,0.967206018
101448,0.130373833,0.320072869,0.459953028,0.536408603,0.997443551,0.990772541,0.999225096
101684,0.058002431,0.227611171,0.456574544,0.551743775,0.993833105,0.96454973,0.996632555
101624,0.436199296,0.737064732,0.772704113,0.824309071,0.974738028,0.799831868,0.996014319
100361,0.04468003,0.177681256,0.225597234,0.279145707,0.915678951,0.914991104,0.997051319
100322,0.062849774,0.50016094,0.205015788,0.26652274,0.787808363,0.978232574,0.997881354
100540,0.196227916,0.43893332,0.638297342,0.701766829,0.919048784,0.953136632,0.995175207
100642,0.055700516,0.228324913,0.371493966,0.446303334,0.949849336,0.826017456,0.995211029
101012,0.127498318,0.514483788,0.51720541,0.593266487,0.952358351,0.922719475,0.997016593
101299,0.027390774,0.129757006,0.149978769,0.180930372,0.936406556,0.834829225,0.982778156
100223,0.142021068,0.306358151,0.473681182,0.560577695,0.869015497,0.858419597,0.996721954
100702,0.070376914,0.166102046,0.271888884,0.338527924,0.999164785,0.999294019,0.999434786
101212,0.154047244,0.326413652,0.425293266,0.500868903,0.994903252,0.989027531,0.994987128
100831,0.43711451,0.779869407,0.941382604,0.968633622,0.996657057,0.976192759,0.997486571
101528,0.924839671,0.928695762,0.971653147,0.973781395,0.972945836,0.929780909,0.973896975
101355,0.063411661,0.207223519,0.446934926,0.525380333,0.784809288,0.688744032,0.997975009
101223,0.062481125,0.218071883,0.38809306,0.476154555,0.99023174,0.968666242,0.995148918
100312,0.546933822,0.790545797,0.937148826,0.95336047,0.979563828,0.96325813,0.98968209
101543,0.117938855,0.34008239,0.502156374,0.591078547,0.985648363,0.977704082,0.999081977
101111,0.19152342,0.674526151,0.383982872,0.434088795,0.938394791,0.933388287,0.995194388
101309,0.478744848,0.576460459,0.884108756,0.92561178,0.980765901,0.531249045,0.984568498
100197,0.098309714,0.257895137,0.404225692,0.492712647,0.257663967,0.333197374,0.125882417
100913,0.094321204,0.747020437,0.405122697,0.485911615,0.573496251,0.668496198,0.981083671
100568,0.291018354,0.401077846,0.65823073,0.733051946,0.981041082,0.578916958,0.997002812
101762,0.072120754,0.198113649,0.415663666,0.510145583,0.996521812,0.990925121,0.996988353
101154,0.911291995,0.922332788,0.969182075,0.972013466,0.972775337,0.917760177,0.976028635
100567,0.595648177,0.816095649,0.955830631,0.970783656,0.991824744,0.946566458,0.992439591
101327,0.066129591,0.247674822,0.567600008,0.675904604,0.98571273,0.991235667,0.990809293
101021,0.005889108,0.531081218,0.125356113,0.162520242,0.175757931,0.009219557,0.432424879
100410,0.086448011,0.340049516,0.465296136,0.548303448,0.91930658,0.719054284,0.999276339
100932,0.869741305,0.85863638,0.978529057,0.984560865,0.992765339,0.951333836,0.991212078
101153,0.495609734,0.608559859,0.90866171,0.926027591,0.426331775,0.312383203,0.996092057
100051,0.198140862,0.391721581,0.792064268,0.854737251,0.976328423,0.923874345,0.982994562
101248,0.124316503,0.468484156,0.64153548,0.703373028,0.800278275,0.814759216,0.994326252
100547,0.186514455,0.381973592,0.853891478,0.913698679,0.98592599,0.957108927,0.991952731
101405,0.688713118,0.895336448,0.927273134,0.94174264,0.965908838,0.888399065,0.975809872
100306,0.013386473,0.161081327,0.388691708,0.417127602,0.985041788,0.453709165,0.979178609
101378,0.157339006,0.388708954,0.497463544,0.555942313,0.998881207,0.982253503,0.996834072
100707,0.465997392,0.805746468,0.887428619,0.919584395,0.986388819,0.922349659,0.988548999
101240,0.320290431,0.646140751,0.708880903,0.773249137,0.992698645,0.914220719,0.997459295
100826,0.244353137,0.644368307,0.704325747,0.755425951,0.834930374,0.820991004,0.997757294
100157,0.052810196,0.189318111,0.322818656,0.388487645,0.917076465,0.800965688,0.996135462
100007,0.104275695,0.681717406,0.44454961,0.532375749,0.986575348,0.986337234,0.998011809
101672,0.715706496,0.883694346,0.98246712,0.988552747,0.990726724,0.979649978,0.990465165
100891,0.187722054,0.441162302,0.682724638,0.751548447,0.985673278,0.879346002,0.997409196
101340,0.049331754,0.214449744,0.416549218,0.485497248,0.974039525,0.748390795,0.994858033
100207,0.570549533,0.874546513,0.909723107,0.932573941,0.98478432,0.920984986,0.988658322
100578,0.125153143,0.811014228,0.598588944,0.697561483,0.948538675,0.979492275,0.998177066
101022,0.111441106,0.356480288,0.498643354,0.580432961,0.847944139,0.632870243,0.987683754
100778,0.192252494,0.553214646,0.683749595,0.765555971,0.983803388,0.988374084,0.997771889
100121,0.080579179,0.251929784,0.433440196,0.521187199,0.99328739,0.983045305,0.999400294
100919,0.334425397,0.790718901,0.800178845,0.833114084,0.996342516,0.995469384,0.998041688
101615,0.001581111,0.177287279,0.349237378,0.434602388,0.995940818,0.880663455,0.998346052
100155,0.149383397,0.482915264,0.474478511,0.517595303,0.88778988,0.618272693,0.987228948
100941,0.195864442,0.42081336,0.700582895,0.785772734,0.975888103,0.891785965,0.993838295
100739,0.713696557,0.855995534,0.964089494,0.976459346,0.986400367,0.983809482,0.995610951
101613,0.181084799,0.516553731,0.819713479,0.874206807,0.972906632,0.9798486,0.987356474
101232,0.283509524,0.4377587,0.497208588,0.555301849,0.951752093,0.374538275,0.990050702
100339,0.041151727,0.197898774,0.24543076,0.303468782,0.869360541,0.803706111,0.992388673
100512,0.383097573,0.618735727,0.86713614,0.911407195,0.992585063,0.889559377,0.995557012
100376,0.470857111,0.712693844,0.919621304,0.955150324,0.989279319,0.98585078,0.988237367
101014,0.324933795,0.306280504,0.740759717,0.812690158,0.960983978,0.771553232,0.965675806
100552,0.083602325,0.229774451,0.354422936,0.42173239,0.964957399,0.948492465,0.999486265
100710,0.887051268,0.941361675,0.98416273,0.985014503,0.985598355,0.973096173,0.98885601
101231,0.098676994,0.39760321,0.509621909,0.601702117,0.961918166,0.896566028,0.998451008
101217,0.296491021,0.265154282,0.548092957,0.600526745,0.936163141,0.315119751,0.973679792
101618,0.099412654,0.285377239,0.364939107,0.422857309,0.998493817,0.989761044,0.997771351
101701,0.452465523,0.63714775,0.875172926,0.913520063,0.969343482,0.783107385,0.970446011
100443,-0.029716787,0.016498656,0.116413784,0.154078805,0.243414957,-0.048223714,0.981820275
100788,-0.058001873,-0.153582866,0.841203964,0.891306154,0.957653062,0.911141946,0.965746553
100022,0.207626355,0.789807305,0.69586463,0.777496686,0.896369515,0.893197983,0.993413658
101124,0.011361013,0.259383961,0.569874072,0.673918903,0.994036143,0.859747023,0.993977622
101367,0.949572164,0.943695676,0.983206324,0.986603057,0.993480524,0.953392051,0.99296547
100976,0.357875461,0.461847845,0.751363931,0.778510573,0.98570704,0.826135859,0.985448819
101241,0.08619873,0.816730416,0.322875784,0.397506744,0.995906788,0.921579314,0.998346488
100286,0.152123758,0.33464732,0.540259193,0.597770048,0.981317907,0.476950702,0.972525178
101175,0.600281409,0.607923596,0.784779358,0.839690491,0.806845747,0.76363816,0.985437908
100025,-0.004734185,0.130217525,0.274672478,0.347000675,0.983172381,0.991603907,0.997419597
101390,0.722949044,0.838129044,0.980399943,0.984730026,0.987928612,0.989568063,0.990213469
101274,0.040363207,0.181766499,0.330693684,0.410096127,0.98911155,0.932798626,0.998751552
101115,-0.057531724,-0.007693149,0.569978502,0.673375305,0.979766836,0.955793879,0.966677542
101186,0.275105554,0.696512153,0.805599088,0.864308295,0.992572687,0.92368891,0.995757906
100239,0.687847221,0.643345134,0.918861412,0.935856089,0.868641625,0.699382562,0.954680283
101486,0.342550899,0.577093593,0.876464896,0.92723598,0.992717845,0.994539738,0.993646763
101472,0.471440478,0.639094257,0.933050959,0.955104586,0.977379479,0.942342382,0.987008853
100476,0.13165786,0.311648254,0.432061563,0.501083038,0.957054334,0.940876408,0.998909509
100767,0.02246595,0.175665225,0.357436378,0.43476954,0.990939309,0.991369087,0.997383276
101770,0.808884776,0.892600453,0.979510397,0.983356383,0.984249401,0.966656109,0.983483043
100849,0.456959758,0.691550575,0.86547528,0.900717128,0.986060144,0.948551846,0.996378553
100848,0.640065088,0.761372107,0.934242542,0.957633072,0.98167021,0.930596093,0.983840906
100938,0.074647373,0.219304279,0.53041195,0.603244496,0.987775935,0.732293803,0.996754981
100682,0.060547725,0.822420917,0.294929826,0.363581965,0.895862971,0.924783885,0.998551185
100977,0.436997408,0.694995821,0.845692538,0.870347241,0.992347081,0.894528549,0.997698675
100408,0.142377385,0.131510544,0.803970074,0.870338494,0.984747059,0.143249116,0.985806646
101297,0.685222332,0.832593596,0.912215023,0.931955584,0.9536712,0.7069996,0.967466717
100855,0.418790058,0.287234301,0.856387642,0.902967737,0.967577721,0.419695697,0.960558645
101555,0.320351546,0.680988658,0.84187857,0.890733084,0.987750569,0.982344064,0.997137721
100869,0.263096926,0.456840279,0.874465428,0.924778095,0.99193235,0.9578099,0.995845677
100786,0.277822391,0.89445505,0.777045663,0.842541621,0.927878582,0.941981854,0.997945946
100368,0.335880888,0.905742239,0.875975506,0.916439229,0.960617465,0.851335443,0.992160281
100105,0.306241705,0.866405887,0.674719971,0.726572192,0.958398468,0.656672446,0.993782298
100837,0.275300414,0.707757013,0.586905425,0.668054861,0.981883866,0.299172544,0.991013234
101228,0.325400593,0.847191496,0.865168465,0.918094498,0.966266226,0.942946732,0.995866776
101233,0.279765712,0.91909755,0.746445132,0.803006748,0.897848724,0.682212347,0.994966036
101625,0.40113033,0.918125033,0.911099546,0.94572517,0.987495248,0.878884224,0.998620569
101614,0.206528795,0.649392724,0.585053572,0.647799691,0.948681885,0.974429346,0.997059223
101423,0.208260655,0.540224136,0.669038842,0.726976332,0.928416815,0.672180733,0.993476674
100188,0.206113388,0.828741858,0.641950322,0.71052759,0.963604178,0.707405637,0.989745142
100691,0.291096932,0.83754249,0.798006663,0.851596225,0.981436755,0.859176742,0.994864848
100856,0.282039378,0.859387231,0.744268205,0.805341711,0.945332878,0.857393219,0.998760879
100266,0.195243614,0.5181109,0.535488913,0.594568021,0.93694568,0.821816082,0.984893141
100666,0.275862852,0.812027907,0.703000992,0.765766422,0.969899832,0.962400473,0.998459804
100173,0.334488292,0.866445544,0.791251659,0.834525113,0.958508763,0.88961457,0.996649675
100999,0.234063007,0.822325767,0.655387454,0.729581956,0.958387616,0.951599707,0.996427799
101730,0.376610913,0.887808394,0.929730326,0.957753114,0.972879091,0.953501247,0.993611347
100108,0.308732598,0.73281433,0.815439306,0.851462496,0.986529931,0.814522638,0.988156801
100280,0.335301897,0.854859146,0.827852283,0.855573329,0.962335134,0.824105272,0.994010144
100835,0.234584738,0.716351074,0.641585583,0.710321531,0.973506355,0.823589221,0.980151855
100887,0.173487578,0.825717156,0.623354815,0.719899321,0.961170538,0.940655002,0.997212112
101057,0.300725404,0.856871347,0.726506621,0.786013224,0.967574922,0.967728563,0.997262694
101503,0.319586777,0.923691865,0.751267986,0.80478997,0.941837193,0.893669521,0.995976904
101446,0.264810235,0.625960508,0.812667297,0.868910142,0.965716129,0.934565467,0.993065491
101112,0.243883652,0.727221477,0.764692184,0.836214024,0.992074615,0.925027505,0.995622408
101263,0.247468783,0.60214425,0.640213941,0.69941336,0.931868717,0.836090853,0.997108837
101434,0.277774674,0.909008101,0.722911292,0.785956822,0.957194856,0.935866705,0.998473798
101336,0.347701313,0.773700048,0.859018595,0.906670077,0.987131311,0.954069201,0.98799554
100164,0.321370966,0.881717545,0.833075017,0.880263963,0.923504178,0.896094727,0.993489305
100727,0.304120104,0.87853321,0.803037313,0.868457935,0.948835105,0.885828751,0.990407154
100862,0.234499139,0.84198873,0.683564677,0.771689552,0.910867817,0.958936927,0.998678474
101159,0.208842172,0.777651254,0.632535206,0.714129945,0.882420391,0.903520273,0.993769653
100712,0.271029315,0.873524358,0.763346302,0.834089905,0.897829858,0.932830796,0.997498389
100982,0.213818109,0.796876169,0.630432396,0.710324934,0.925082345,0.952655461,0.998127008
101131,0.336586837,0.823998465,0.803730481,0.862773707,0.975558902,0.938947885,0.983415735
101268,0.322570599,0.908877734,0.804890708,0.866292893,0.937782263,0.925169223,0.996671401
101587,0.298022231,0.810080204,0.818932386,0.888678793,0.975380101,0.986548302,0.997728407
101062,0.229207344,0.799900259,0.666509076,0.741434079,0.969143374,0.929600069,0.997776512
100628,0.165492883,0.608040614,0.580428929,0.654032986,0.977454545,0.676860483,0.995153551
